id,range,velocity,angle
000,20.0,0.0,-50.0
001,20.0,0.0,-25.0
002,20.0,0.0,0.0
003,20.0,0.0,25.0
004,20.0,0.0,50.0
010,20.0,937.5,-50.0
011,20.0,937.5,-25.0
012,20.0,937.5,0.0
013,20.0,937.5,25.0
014,20.0,937.5,50.0
020,20.0,1875.0,-50.0
021,20.0,1875.0,-25.0
022,20.0,1875.0,0.0
023,20.0,1875.0,25.0
024,20.0,1875.0,50.0
030,20.0,2812.5,-50.0
031,20.0,2812.5,-25.0
032,20.0,2812.5,0.0
033,20.0,2812.5,25.0
034,20.0,2812.5,50.0
040,20.0,3750.0,-50.0
041,20.0,3750.0,-25.0
042,20.0,3750.0,0.0
043,20.0,3750.0,25.0
044,20.0,3750.0,50.0
050,20.0,4687.5,-50.0
051,20.0,4687.5,-25.0
052,20.0,4687.5,0.0
053,20.0,4687.5,25.0
054,20.0,4687.5,50.0
060,20.0,5625.0,-50.0
061,20.0,5625.0,-25.0
062,20.0,5625.0,0.0
063,20.0,5625.0,25.0
064,20.0,5625.0,50.0
070,20.0,6562.5,-50.0
071,20.0,6562.5,-25.0
072,20.0,6562.5,0.0
073,20.0,6562.5,25.0
074,20.0,6562.5,50.0
080,20.0,7500.0,-50.0
081,20.0,7500.0,-25.0
082,20.0,7500.0,0.0
083,20.0,7500.0,25.0
084,20.0,7500.0,50.0
090,20.0,8437.5,-50.0
091,20.0,8437.5,-25.0
092,20.0,8437.5,0.0
093,20.0,8437.5,25.0
094,20.0,8437.5,50.0
0100,20.0,9375.0,-50.0
0101,20.0,9375.0,-25.0
0102,20.0,9375.0,0.0
0103,20.0,9375.0,25.0
0104,20.0,9375.0,50.0
0110,20.0,10312.5,-50.0
0111,20.0,10312.5,-25.0
0112,20.0,10312.5,0.0
0113,20.0,10312.5,25.0
0114,20.0,10312.5,50.0
0120,20.0,11250.0,-50.0
0121,20.0,11250.0,-25.0
0122,20.0,11250.0,0.0
0123,20.0,11250.0,25.0
0124,20.0,11250.0,50.0
0130,20.0,12187.5,-50.0
0131,20.0,12187.5,-25.0
0132,20.0,12187.5,0.0
0133,20.0,12187.5,25.0
0134,20.0,12187.5,50.0
0140,20.0,13125.0,-50.0
0141,20.0,13125.0,-25.0
0142,20.0,13125.0,0.0
0143,20.0,13125.0,25.0
0144,20.0,13125.0,50.0
0150,20.0,14062.5,-50.0
0151,20.0,14062.5,-25.0
0152,20.0,14062.5,0.0
0153,20.0,14062.5,25.0
0154,20.0,14062.5,50.0
0160,20.0,15000.0,-50.0
0161,20.0,15000.0,-25.0
0162,20.0,15000.0,0.0
0163,20.0,15000.0,25.0
0164,20.0,15000.0,50.0
100,40.0,0.0,-50.0
101,40.0,0.0,-25.0
102,40.0,0.0,0.0
103,40.0,0.0,25.0
104,40.0,0.0,50.0
110,40.0,937.5,-50.0
111,40.0,937.5,-25.0
112,40.0,937.5,0.0
113,40.0,937.5,25.0
114,40.0,937.5,50.0
120,40.0,1875.0,-50.0
121,40.0,1875.0,-25.0
122,40.0,1875.0,0.0
123,40.0,1875.0,25.0
124,40.0,1875.0,50.0
130,40.0,2812.5,-50.0
131,40.0,2812.5,-25.0
132,40.0,2812.5,0.0
133,40.0,2812.5,25.0
134,40.0,2812.5,50.0
140,40.0,3750.0,-50.0
141,40.0,3750.0,-25.0
142,40.0,3750.0,0.0
143,40.0,3750.0,25.0
144,40.0,3750.0,50.0
150,40.0,4687.5,-50.0
151,40.0,4687.5,-25.0
152,40.0,4687.5,0.0
153,40.0,4687.5,25.0
154,40.0,4687.5,50.0
160,40.0,5625.0,-50.0
161,40.0,5625.0,-25.0
162,40.0,5625.0,0.0
163,40.0,5625.0,25.0
164,40.0,5625.0,50.0
170,40.0,6562.5,-50.0
171,40.0,6562.5,-25.0
172,40.0,6562.5,0.0
173,40.0,6562.5,25.0
174,40.0,6562.5,50.0
180,40.0,7500.0,-50.0
181,40.0,7500.0,-25.0
182,40.0,7500.0,0.0
183,40.0,7500.0,25.0
184,40.0,7500.0,50.0
190,40.0,8437.5,-50.0
191,40.0,8437.5,-25.0
192,40.0,8437.5,0.0
193,40.0,8437.5,25.0
194,40.0,8437.5,50.0
1100,40.0,9375.0,-50.0
1101,40.0,9375.0,-25.0
1102,40.0,9375.0,0.0
1103,40.0,9375.0,25.0
1104,40.0,9375.0,50.0
1110,40.0,10312.5,-50.0
1111,40.0,10312.5,-25.0
1112,40.0,10312.5,0.0
1113,40.0,10312.5,25.0
1114,40.0,10312.5,50.0
1120,40.0,11250.0,-50.0
1121,40.0,11250.0,-25.0
1122,40.0,11250.0,0.0
1123,40.0,11250.0,25.0
1124,40.0,11250.0,50.0
1130,40.0,12187.5,-50.0
1131,40.0,12187.5,-25.0
1132,40.0,12187.5,0.0
1133,40.0,12187.5,25.0
1134,40.0,12187.5,50.0
1140,40.0,13125.0,-50.0
1141,40.0,13125.0,-25.0
1142,40.0,13125.0,0.0
1143,40.0,13125.0,25.0
1144,40.0,13125.0,50.0
1150,40.0,14062.5,-50.0
1151,40.0,14062.5,-25.0
1152,40.0,14062.5,0.0
1153,40.0,14062.5,25.0
1154,40.0,14062.5,50.0
1160,40.0,15000.0,-50.0
1161,40.0,15000.0,-25.0
1162,40.0,15000.0,0.0
1163,40.0,15000.0,25.0
1164,40.0,15000.0,50.0
200,60.0,0.0,-50.0
201,60.0,0.0,-25.0
202,60.0,0.0,0.0
203,60.0,0.0,25.0
204,60.0,0.0,50.0
210,60.0,937.5,-50.0
211,60.0,937.5,-25.0
212,60.0,937.5,0.0
213,60.0,937.5,25.0
214,60.0,937.5,50.0
220,60.0,1875.0,-50.0
221,60.0,1875.0,-25.0
222,60.0,1875.0,0.0
223,60.0,1875.0,25.0
224,60.0,1875.0,50.0
230,60.0,2812.5,-50.0
231,60.0,2812.5,-25.0
232,60.0,2812.5,0.0
233,60.0,2812.5,25.0
234,60.0,2812.5,50.0
240,60.0,3750.0,-50.0
241,60.0,3750.0,-25.0
242,60.0,3750.0,0.0
243,60.0,3750.0,25.0
244,60.0,3750.0,50.0
250,60.0,4687.5,-50.0
251,60.0,4687.5,-25.0
252,60.0,4687.5,0.0
253,60.0,4687.5,25.0
254,60.0,4687.5,50.0
260,60.0,5625.0,-50.0
261,60.0,5625.0,-25.0
262,60.0,5625.0,0.0
263,60.0,5625.0,25.0
264,60.0,5625.0,50.0
270,60.0,6562.5,-50.0
271,60.0,6562.5,-25.0
272,60.0,6562.5,0.0
273,60.0,6562.5,25.0
274,60.0,6562.5,50.0
280,60.0,7500.0,-50.0
281,60.0,7500.0,-25.0
282,60.0,7500.0,0.0
283,60.0,7500.0,25.0
284,60.0,7500.0,50.0
290,60.0,8437.5,-50.0
291,60.0,8437.5,-25.0
292,60.0,8437.5,0.0
293,60.0,8437.5,25.0
294,60.0,8437.5,50.0
2100,60.0,9375.0,-50.0
2101,60.0,9375.0,-25.0
2102,60.0,9375.0,0.0
2103,60.0,9375.0,25.0
2104,60.0,9375.0,50.0
2110,60.0,10312.5,-50.0
2111,60.0,10312.5,-25.0
2112,60.0,10312.5,0.0
2113,60.0,10312.5,25.0
2114,60.0,10312.5,50.0
2120,60.0,11250.0,-50.0
2121,60.0,11250.0,-25.0
2122,60.0,11250.0,0.0
2123,60.0,11250.0,25.0
2124,60.0,11250.0,50.0
2130,60.0,12187.5,-50.0
2131,60.0,12187.5,-25.0
2132,60.0,12187.5,0.0
2133,60.0,12187.5,25.0
2134,60.0,12187.5,50.0
2140,60.0,13125.0,-50.0
2141,60.0,13125.0,-25.0
2142,60.0,13125.0,0.0
2143,60.0,13125.0,25.0
2144,60.0,13125.0,50.0
2150,60.0,14062.5,-50.0
2151,60.0,14062.5,-25.0
2152,60.0,14062.5,0.0
2153,60.0,14062.5,25.0
2154,60.0,14062.5,50.0
2160,60.0,15000.0,-50.0
2161,60.0,15000.0,-25.0
2162,60.0,15000.0,0.0
2163,60.0,15000.0,25.0
2164,60.0,15000.0,50.0
300,80.0,0.0,-50.0
301,80.0,0.0,-25.0
302,80.0,0.0,0.0
303,80.0,0.0,25.0
304,80.0,0.0,50.0
310,80.0,937.5,-50.0
311,80.0,937.5,-25.0
312,80.0,937.5,0.0
313,80.0,937.5,25.0
314,80.0,937.5,50.0
320,80.0,1875.0,-50.0
321,80.0,1875.0,-25.0
322,80.0,1875.0,0.0
323,80.0,1875.0,25.0
324,80.0,1875.0,50.0
330,80.0,2812.5,-50.0
331,80.0,2812.5,-25.0
332,80.0,2812.5,0.0
333,80.0,2812.5,25.0
334,80.0,2812.5,50.0
340,80.0,3750.0,-50.0
341,80.0,3750.0,-25.0
342,80.0,3750.0,0.0
343,80.0,3750.0,25.0
344,80.0,3750.0,50.0
350,80.0,4687.5,-50.0
351,80.0,4687.5,-25.0
352,80.0,4687.5,0.0
353,80.0,4687.5,25.0
354,80.0,4687.5,50.0
360,80.0,5625.0,-50.0
361,80.0,5625.0,-25.0
362,80.0,5625.0,0.0
363,80.0,5625.0,25.0
364,80.0,5625.0,50.0
370,80.0,6562.5,-50.0
371,80.0,6562.5,-25.0
372,80.0,6562.5,0.0
373,80.0,6562.5,25.0
374,80.0,6562.5,50.0
380,80.0,7500.0,-50.0
381,80.0,7500.0,-25.0
382,80.0,7500.0,0.0
383,80.0,7500.0,25.0
384,80.0,7500.0,50.0
390,80.0,8437.5,-50.0
391,80.0,8437.5,-25.0
392,80.0,8437.5,0.0
393,80.0,8437.5,25.0
394,80.0,8437.5,50.0
3100,80.0,9375.0,-50.0
3101,80.0,9375.0,-25.0
3102,80.0,9375.0,0.0
3103,80.0,9375.0,25.0
3104,80.0,9375.0,50.0
3110,80.0,10312.5,-50.0
3111,80.0,10312.5,-25.0
3112,80.0,10312.5,0.0
3113,80.0,10312.5,25.0
3114,80.0,10312.5,50.0
3120,80.0,11250.0,-50.0
3121,80.0,11250.0,-25.0
3122,80.0,11250.0,0.0
3123,80.0,11250.0,25.0
3124,80.0,11250.0,50.0
3130,80.0,12187.5,-50.0
3131,80.0,12187.5,-25.0
3132,80.0,12187.5,0.0
3133,80.0,12187.5,25.0
3134,80.0,12187.5,50.0
3140,80.0,13125.0,-50.0
3141,80.0,13125.0,-25.0
3142,80.0,13125.0,0.0
3143,80.0,13125.0,25.0
3144,80.0,13125.0,50.0
3150,80.0,14062.5,-50.0
3151,80.0,14062.5,-25.0
3152,80.0,14062.5,0.0
3153,80.0,14062.5,25.0
3154,80.0,14062.5,50.0
3160,80.0,15000.0,-50.0
3161,80.0,15000.0,-25.0
3162,80.0,15000.0,0.0
3163,80.0,15000.0,25.0
3164,80.0,15000.0,50.0
400,100.0,0.0,-50.0
401,100.0,0.0,-25.0
402,100.0,0.0,0.0
403,100.0,0.0,25.0
404,100.0,0.0,50.0
410,100.0,937.5,-50.0
411,100.0,937.5,-25.0
412,100.0,937.5,0.0
413,100.0,937.5,25.0
414,100.0,937.5,50.0
420,100.0,1875.0,-50.0
421,100.0,1875.0,-25.0
422,100.0,1875.0,0.0
423,100.0,1875.0,25.0
424,100.0,1875.0,50.0
430,100.0,2812.5,-50.0
431,100.0,2812.5,-25.0
432,100.0,2812.5,0.0
433,100.0,2812.5,25.0
434,100.0,2812.5,50.0
440,100.0,3750.0,-50.0
441,100.0,3750.0,-25.0
442,100.0,3750.0,0.0
443,100.0,3750.0,25.0
444,100.0,3750.0,50.0
450,100.0,4687.5,-50.0
451,100.0,4687.5,-25.0
452,100.0,4687.5,0.0
453,100.0,4687.5,25.0
454,100.0,4687.5,50.0
460,100.0,5625.0,-50.0
461,100.0,5625.0,-25.0
462,100.0,5625.0,0.0
463,100.0,5625.0,25.0
464,100.0,5625.0,50.0
470,100.0,6562.5,-50.0
471,100.0,6562.5,-25.0
472,100.0,6562.5,0.0
473,100.0,6562.5,25.0
474,100.0,6562.5,50.0
480,100.0,7500.0,-50.0
481,100.0,7500.0,-25.0
482,100.0,7500.0,0.0
483,100.0,7500.0,25.0
484,100.0,7500.0,50.0
490,100.0,8437.5,-50.0
491,100.0,8437.5,-25.0
492,100.0,8437.5,0.0
493,100.0,8437.5,25.0
494,100.0,8437.5,50.0
4100,100.0,9375.0,-50.0
4101,100.0,9375.0,-25.0
4102,100.0,9375.0,0.0
4103,100.0,9375.0,25.0
4104,100.0,9375.0,50.0
4110,100.0,10312.5,-50.0
4111,100.0,10312.5,-25.0
4112,100.0,10312.5,0.0
4113,100.0,10312.5,25.0
4114,100.0,10312.5,50.0
4120,100.0,11250.0,-50.0
4121,100.0,11250.0,-25.0
4122,100.0,11250.0,0.0
4123,100.0,11250.0,25.0
4124,100.0,11250.0,50.0
4130,100.0,12187.5,-50.0
4131,100.0,12187.5,-25.0
4132,100.0,12187.5,0.0
4133,100.0,12187.5,25.0
4134,100.0,12187.5,50.0
4140,100.0,13125.0,-50.0
4141,100.0,13125.0,-25.0
4142,100.0,13125.0,0.0
4143,100.0,13125.0,25.0
4144,100.0,13125.0,50.0
4150,100.0,14062.5,-50.0
4151,100.0,14062.5,-25.0
4152,100.0,14062.5,0.0
4153,100.0,14062.5,25.0
4154,100.0,14062.5,50.0
4160,100.0,15000.0,-50.0
4161,100.0,15000.0,-25.0
4162,100.0,15000.0,0.0
4163,100.0,15000.0,25.0
4164,100.0,15000.0,50.0
500,120.0,0.0,-50.0
501,120.0,0.0,-25.0
502,120.0,0.0,0.0
503,120.0,0.0,25.0
504,120.0,0.0,50.0
510,120.0,937.5,-50.0
511,120.0,937.5,-25.0
512,120.0,937.5,0.0
513,120.0,937.5,25.0
514,120.0,937.5,50.0
520,120.0,1875.0,-50.0
521,120.0,1875.0,-25.0
522,120.0,1875.0,0.0
523,120.0,1875.0,25.0
524,120.0,1875.0,50.0
530,120.0,2812.5,-50.0
531,120.0,2812.5,-25.0
532,120.0,2812.5,0.0
533,120.0,2812.5,25.0
534,120.0,2812.5,50.0
540,120.0,3750.0,-50.0
541,120.0,3750.0,-25.0
542,120.0,3750.0,0.0
543,120.0,3750.0,25.0
544,120.0,3750.0,50.0
550,120.0,4687.5,-50.0
551,120.0,4687.5,-25.0
552,120.0,4687.5,0.0
553,120.0,4687.5,25.0
554,120.0,4687.5,50.0
560,120.0,5625.0,-50.0
561,120.0,5625.0,-25.0
562,120.0,5625.0,0.0
563,120.0,5625.0,25.0
564,120.0,5625.0,50.0
570,120.0,6562.5,-50.0
571,120.0,6562.5,-25.0
572,120.0,6562.5,0.0
573,120.0,6562.5,25.0
574,120.0,6562.5,50.0
580,120.0,7500.0,-50.0
581,120.0,7500.0,-25.0
582,120.0,7500.0,0.0
583,120.0,7500.0,25.0
584,120.0,7500.0,50.0
590,120.0,8437.5,-50.0
591,120.0,8437.5,-25.0
592,120.0,8437.5,0.0
593,120.0,8437.5,25.0
594,120.0,8437.5,50.0
5100,120.0,9375.0,-50.0
5101,120.0,9375.0,-25.0
5102,120.0,9375.0,0.0
5103,120.0,9375.0,25.0
5104,120.0,9375.0,50.0
5110,120.0,10312.5,-50.0
5111,120.0,10312.5,-25.0
5112,120.0,10312.5,0.0
5113,120.0,10312.5,25.0
5114,120.0,10312.5,50.0
5120,120.0,11250.0,-50.0
5121,120.0,11250.0,-25.0
5122,120.0,11250.0,0.0
5123,120.0,11250.0,25.0
5124,120.0,11250.0,50.0
5130,120.0,12187.5,-50.0
5131,120.0,12187.5,-25.0
5132,120.0,12187.5,0.0
5133,120.0,12187.5,25.0
5134,120.0,12187.5,50.0
5140,120.0,13125.0,-50.0
5141,120.0,13125.0,-25.0
5142,120.0,13125.0,0.0
5143,120.0,13125.0,25.0
5144,120.0,13125.0,50.0
5150,120.0,14062.5,-50.0
5151,120.0,14062.5,-25.0
5152,120.0,14062.5,0.0
5153,120.0,14062.5,25.0
5154,120.0,14062.5,50.0
5160,120.0,15000.0,-50.0
5161,120.0,15000.0,-25.0
5162,120.0,15000.0,0.0
5163,120.0,15000.0,25.0
5164,120.0,15000.0,50.0
600,140.0,0.0,-50.0
601,140.0,0.0,-25.0
602,140.0,0.0,0.0
603,140.0,0.0,25.0
604,140.0,0.0,50.0
610,140.0,937.5,-50.0
611,140.0,937.5,-25.0
612,140.0,937.5,0.0
613,140.0,937.5,25.0
614,140.0,937.5,50.0
620,140.0,1875.0,-50.0
621,140.0,1875.0,-25.0
622,140.0,1875.0,0.0
623,140.0,1875.0,25.0
624,140.0,1875.0,50.0
630,140.0,2812.5,-50.0
631,140.0,2812.5,-25.0
632,140.0,2812.5,0.0
633,140.0,2812.5,25.0
634,140.0,2812.5,50.0
640,140.0,3750.0,-50.0
641,140.0,3750.0,-25.0
642,140.0,3750.0,0.0
643,140.0,3750.0,25.0
644,140.0,3750.0,50.0
650,140.0,4687.5,-50.0
651,140.0,4687.5,-25.0
652,140.0,4687.5,0.0
653,140.0,4687.5,25.0
654,140.0,4687.5,50.0
660,140.0,5625.0,-50.0
661,140.0,5625.0,-25.0
662,140.0,5625.0,0.0
663,140.0,5625.0,25.0
664,140.0,5625.0,50.0
670,140.0,6562.5,-50.0
671,140.0,6562.5,-25.0
672,140.0,6562.5,0.0
673,140.0,6562.5,25.0
674,140.0,6562.5,50.0
680,140.0,7500.0,-50.0
681,140.0,7500.0,-25.0
682,140.0,7500.0,0.0
683,140.0,7500.0,25.0
684,140.0,7500.0,50.0
690,140.0,8437.5,-50.0
691,140.0,8437.5,-25.0
692,140.0,8437.5,0.0
693,140.0,8437.5,25.0
694,140.0,8437.5,50.0
6100,140.0,9375.0,-50.0
6101,140.0,9375.0,-25.0
6102,140.0,9375.0,0.0
6103,140.0,9375.0,25.0
6104,140.0,9375.0,50.0
6110,140.0,10312.5,-50.0
6111,140.0,10312.5,-25.0
6112,140.0,10312.5,0.0
6113,140.0,10312.5,25.0
6114,140.0,10312.5,50.0
6120,140.0,11250.0,-50.0
6121,140.0,11250.0,-25.0
6122,140.0,11250.0,0.0
6123,140.0,11250.0,25.0
6124,140.0,11250.0,50.0
6130,140.0,12187.5,-50.0
6131,140.0,12187.5,-25.0
6132,140.0,12187.5,0.0
6133,140.0,12187.5,25.0
6134,140.0,12187.5,50.0
6140,140.0,13125.0,-50.0
6141,140.0,13125.0,-25.0
6142,140.0,13125.0,0.0
6143,140.0,13125.0,25.0
6144,140.0,13125.0,50.0
6150,140.0,14062.5,-50.0
6151,140.0,14062.5,-25.0
6152,140.0,14062.5,0.0
6153,140.0,14062.5,25.0
6154,140.0,14062.5,50.0
6160,140.0,15000.0,-50.0
6161,140.0,15000.0,-25.0
6162,140.0,15000.0,0.0
6163,140.0,15000.0,25.0
6164,140.0,15000.0,50.0
700,160.0,0.0,-50.0
701,160.0,0.0,-25.0
702,160.0,0.0,0.0
703,160.0,0.0,25.0
704,160.0,0.0,50.0
710,160.0,937.5,-50.0
711,160.0,937.5,-25.0
712,160.0,937.5,0.0
713,160.0,937.5,25.0
714,160.0,937.5,50.0
720,160.0,1875.0,-50.0
721,160.0,1875.0,-25.0
722,160.0,1875.0,0.0
723,160.0,1875.0,25.0
724,160.0,1875.0,50.0
730,160.0,2812.5,-50.0
731,160.0,2812.5,-25.0
732,160.0,2812.5,0.0
733,160.0,2812.5,25.0
734,160.0,2812.5,50.0
740,160.0,3750.0,-50.0
741,160.0,3750.0,-25.0
742,160.0,3750.0,0.0
743,160.0,3750.0,25.0
744,160.0,3750.0,50.0
750,160.0,4687.5,-50.0
751,160.0,4687.5,-25.0
752,160.0,4687.5,0.0
753,160.0,4687.5,25.0
754,160.0,4687.5,50.0
760,160.0,5625.0,-50.0
761,160.0,5625.0,-25.0
762,160.0,5625.0,0.0
763,160.0,5625.0,25.0
764,160.0,5625.0,50.0
770,160.0,6562.5,-50.0
771,160.0,6562.5,-25.0
772,160.0,6562.5,0.0
773,160.0,6562.5,25.0
774,160.0,6562.5,50.0
780,160.0,7500.0,-50.0
781,160.0,7500.0,-25.0
782,160.0,7500.0,0.0
783,160.0,7500.0,25.0
784,160.0,7500.0,50.0
790,160.0,8437.5,-50.0
791,160.0,8437.5,-25.0
792,160.0,8437.5,0.0
793,160.0,8437.5,25.0
794,160.0,8437.5,50.0
7100,160.0,9375.0,-50.0
7101,160.0,9375.0,-25.0
7102,160.0,9375.0,0.0
7103,160.0,9375.0,25.0
7104,160.0,9375.0,50.0
7110,160.0,10312.5,-50.0
7111,160.0,10312.5,-25.0
7112,160.0,10312.5,0.0
7113,160.0,10312.5,25.0
7114,160.0,10312.5,50.0
7120,160.0,11250.0,-50.0
7121,160.0,11250.0,-25.0
7122,160.0,11250.0,0.0
7123,160.0,11250.0,25.0
7124,160.0,11250.0,50.0
7130,160.0,12187.5,-50.0
7131,160.0,12187.5,-25.0
7132,160.0,12187.5,0.0
7133,160.0,12187.5,25.0
7134,160.0,12187.5,50.0
7140,160.0,13125.0,-50.0
7141,160.0,13125.0,-25.0
7142,160.0,13125.0,0.0
7143,160.0,13125.0,25.0
7144,160.0,13125.0,50.0
7150,160.0,14062.5,-50.0
7151,160.0,14062.5,-25.0
7152,160.0,14062.5,0.0
7153,160.0,14062.5,25.0
7154,160.0,14062.5,50.0
7160,160.0,15000.0,-50.0
7161,160.0,15000.0,-25.0
7162,160.0,15000.0,0.0
7163,160.0,15000.0,25.0
7164,160.0,15000.0,50.0
800,180.0,0.0,-50.0
801,180.0,0.0,-25.0
802,180.0,0.0,0.0
803,180.0,0.0,25.0
804,180.0,0.0,50.0
810,180.0,937.5,-50.0
811,180.0,937.5,-25.0
812,180.0,937.5,0.0
813,180.0,937.5,25.0
814,180.0,937.5,50.0
820,180.0,1875.0,-50.0
821,180.0,1875.0,-25.0
822,180.0,1875.0,0.0
823,180.0,1875.0,25.0
824,180.0,1875.0,50.0
830,180.0,2812.5,-50.0
831,180.0,2812.5,-25.0
832,180.0,2812.5,0.0
833,180.0,2812.5,25.0
834,180.0,2812.5,50.0
840,180.0,3750.0,-50.0
841,180.0,3750.0,-25.0
842,180.0,3750.0,0.0
843,180.0,3750.0,25.0
844,180.0,3750.0,50.0
850,180.0,4687.5,-50.0
851,180.0,4687.5,-25.0
852,180.0,4687.5,0.0
853,180.0,4687.5,25.0
854,180.0,4687.5,50.0
860,180.0,5625.0,-50.0
861,180.0,5625.0,-25.0
862,180.0,5625.0,0.0
863,180.0,5625.0,25.0
864,180.0,5625.0,50.0
870,180.0,6562.5,-50.0
871,180.0,6562.5,-25.0
872,180.0,6562.5,0.0
873,180.0,6562.5,25.0
874,180.0,6562.5,50.0
880,180.0,7500.0,-50.0
881,180.0,7500.0,-25.0
882,180.0,7500.0,0.0
883,180.0,7500.0,25.0
884,180.0,7500.0,50.0
890,180.0,8437.5,-50.0
891,180.0,8437.5,-25.0
892,180.0,8437.5,0.0
893,180.0,8437.5,25.0
894,180.0,8437.5,50.0
8100,180.0,9375.0,-50.0
8101,180.0,9375.0,-25.0
8102,180.0,9375.0,0.0
8103,180.0,9375.0,25.0
8104,180.0,9375.0,50.0
8110,180.0,10312.5,-50.0
8111,180.0,10312.5,-25.0
8112,180.0,10312.5,0.0
8113,180.0,10312.5,25.0
8114,180.0,10312.5,50.0
8120,180.0,11250.0,-50.0
8121,180.0,11250.0,-25.0
8122,180.0,11250.0,0.0
8123,180.0,11250.0,25.0
8124,180.0,11250.0,50.0
8130,180.0,12187.5,-50.0
8131,180.0,12187.5,-25.0
8132,180.0,12187.5,0.0
8133,180.0,12187.5,25.0
8134,180.0,12187.5,50.0
8140,180.0,13125.0,-50.0
8141,180.0,13125.0,-25.0
8142,180.0,13125.0,0.0
8143,180.0,13125.0,25.0
8144,180.0,13125.0,50.0
8150,180.0,14062.5,-50.0
8151,180.0,14062.5,-25.0
8152,180.0,14062.5,0.0
8153,180.0,14062.5,25.0
8154,180.0,14062.5,50.0
8160,180.0,15000.0,-50.0
8161,180.0,15000.0,-25.0
8162,180.0,15000.0,0.0
8163,180.0,15000.0,25.0
8164,180.0,15000.0,50.0
900,200.0,0.0,-50.0
901,200.0,0.0,-25.0
902,200.0,0.0,0.0
903,200.0,0.0,25.0
904,200.0,0.0,50.0
910,200.0,937.5,-50.0
911,200.0,937.5,-25.0
912,200.0,937.5,0.0
913,200.0,937.5,25.0
914,200.0,937.5,50.0
920,200.0,1875.0,-50.0
921,200.0,1875.0,-25.0
922,200.0,1875.0,0.0
923,200.0,1875.0,25.0
924,200.0,1875.0,50.0
930,200.0,2812.5,-50.0
931,200.0,2812.5,-25.0
932,200.0,2812.5,0.0
933,200.0,2812.5,25.0
934,200.0,2812.5,50.0
940,200.0,3750.0,-50.0
941,200.0,3750.0,-25.0
942,200.0,3750.0,0.0
943,200.0,3750.0,25.0
944,200.0,3750.0,50.0
950,200.0,4687.5,-50.0
951,200.0,4687.5,-25.0
952,200.0,4687.5,0.0
953,200.0,4687.5,25.0
954,200.0,4687.5,50.0
960,200.0,5625.0,-50.0
961,200.0,5625.0,-25.0
962,200.0,5625.0,0.0
963,200.0,5625.0,25.0
964,200.0,5625.0,50.0
970,200.0,6562.5,-50.0
971,200.0,6562.5,-25.0
972,200.0,6562.5,0.0
973,200.0,6562.5,25.0
974,200.0,6562.5,50.0
980,200.0,7500.0,-50.0
981,200.0,7500.0,-25.0
982,200.0,7500.0,0.0
983,200.0,7500.0,25.0
984,200.0,7500.0,50.0
990,200.0,8437.5,-50.0
991,200.0,8437.5,-25.0
992,200.0,8437.5,0.0
993,200.0,8437.5,25.0
994,200.0,8437.5,50.0
9100,200.0,9375.0,-50.0
9101,200.0,9375.0,-25.0
9102,200.0,9375.0,0.0
9103,200.0,9375.0,25.0
9104,200.0,9375.0,50.0
9110,200.0,10312.5,-50.0
9111,200.0,10312.5,-25.0
9112,200.0,10312.5,0.0
9113,200.0,10312.5,25.0
9114,200.0,10312.5,50.0
9120,200.0,11250.0,-50.0
9121,200.0,11250.0,-25.0
9122,200.0,11250.0,0.0
9123,200.0,11250.0,25.0
9124,200.0,11250.0,50.0
9130,200.0,12187.5,-50.0
9131,200.0,12187.5,-25.0
9132,200.0,12187.5,0.0
9133,200.0,12187.5,25.0
9134,200.0,12187.5,50.0
9140,200.0,13125.0,-50.0
9141,200.0,13125.0,-25.0
9142,200.0,13125.0,0.0
9143,200.0,13125.0,25.0
9144,200.0,13125.0,50.0
9150,200.0,14062.5,-50.0
9151,200.0,14062.5,-25.0
9152,200.0,14062.5,0.0
9153,200.0,14062.5,25.0
9154,200.0,14062.5,50.0
9160,200.0,15000.0,-50.0
9161,200.0,15000.0,-25.0
9162,200.0,15000.0,0.0
9163,200.0,15000.0,25.0
9164,200.0,15000.0,50.0
1000,220.0,0.0,-50.0
1001,220.0,0.0,-25.0
1002,220.0,0.0,0.0
1003,220.0,0.0,25.0
1004,220.0,0.0,50.0
1010,220.0,937.5,-50.0
1011,220.0,937.5,-25.0
1012,220.0,937.5,0.0
1013,220.0,937.5,25.0
1014,220.0,937.5,50.0
1020,220.0,1875.0,-50.0
1021,220.0,1875.0,-25.0
1022,220.0,1875.0,0.0
1023,220.0,1875.0,25.0
1024,220.0,1875.0,50.0
1030,220.0,2812.5,-50.0
1031,220.0,2812.5,-25.0
1032,220.0,2812.5,0.0
1033,220.0,2812.5,25.0
1034,220.0,2812.5,50.0
1040,220.0,3750.0,-50.0
1041,220.0,3750.0,-25.0
1042,220.0,3750.0,0.0
1043,220.0,3750.0,25.0
1044,220.0,3750.0,50.0
1050,220.0,4687.5,-50.0
1051,220.0,4687.5,-25.0
1052,220.0,4687.5,0.0
1053,220.0,4687.5,25.0
1054,220.0,4687.5,50.0
1060,220.0,5625.0,-50.0
1061,220.0,5625.0,-25.0
1062,220.0,5625.0,0.0
1063,220.0,5625.0,25.0
1064,220.0,5625.0,50.0
1070,220.0,6562.5,-50.0
1071,220.0,6562.5,-25.0
1072,220.0,6562.5,0.0
1073,220.0,6562.5,25.0
1074,220.0,6562.5,50.0
1080,220.0,7500.0,-50.0
1081,220.0,7500.0,-25.0
1082,220.0,7500.0,0.0
1083,220.0,7500.0,25.0
1084,220.0,7500.0,50.0
1090,220.0,8437.5,-50.0
1091,220.0,8437.5,-25.0
1092,220.0,8437.5,0.0
1093,220.0,8437.5,25.0
1094,220.0,8437.5,50.0
10100,220.0,9375.0,-50.0
10101,220.0,9375.0,-25.0
10102,220.0,9375.0,0.0
10103,220.0,9375.0,25.0
10104,220.0,9375.0,50.0
10110,220.0,10312.5,-50.0
10111,220.0,10312.5,-25.0
10112,220.0,10312.5,0.0
10113,220.0,10312.5,25.0
10114,220.0,10312.5,50.0
10120,220.0,11250.0,-50.0
10121,220.0,11250.0,-25.0
10122,220.0,11250.0,0.0
10123,220.0,11250.0,25.0
10124,220.0,11250.0,50.0
10130,220.0,12187.5,-50.0
10131,220.0,12187.5,-25.0
10132,220.0,12187.5,0.0
10133,220.0,12187.5,25.0
10134,220.0,12187.5,50.0
10140,220.0,13125.0,-50.0
10141,220.0,13125.0,-25.0
10142,220.0,13125.0,0.0
10143,220.0,13125.0,25.0
10144,220.0,13125.0,50.0
10150,220.0,14062.5,-50.0
10151,220.0,14062.5,-25.0
10152,220.0,14062.5,0.0
10153,220.0,14062.5,25.0
10154,220.0,14062.5,50.0
10160,220.0,15000.0,-50.0
10161,220.0,15000.0,-25.0
10162,220.0,15000.0,0.0
10163,220.0,15000.0,25.0
10164,220.0,15000.0,50.0
1100,240.0,0.0,-50.0
1101,240.0,0.0,-25.0
1102,240.0,0.0,0.0
1103,240.0,0.0,25.0
1104,240.0,0.0,50.0
1110,240.0,937.5,-50.0
1111,240.0,937.5,-25.0
1112,240.0,937.5,0.0
1113,240.0,937.5,25.0
1114,240.0,937.5,50.0
1120,240.0,1875.0,-50.0
1121,240.0,1875.0,-25.0
1122,240.0,1875.0,0.0
1123,240.0,1875.0,25.0
1124,240.0,1875.0,50.0
1130,240.0,2812.5,-50.0
1131,240.0,2812.5,-25.0
1132,240.0,2812.5,0.0
1133,240.0,2812.5,25.0
1134,240.0,2812.5,50.0
1140,240.0,3750.0,-50.0
1141,240.0,3750.0,-25.0
1142,240.0,3750.0,0.0
1143,240.0,3750.0,25.0
1144,240.0,3750.0,50.0
1150,240.0,4687.5,-50.0
1151,240.0,4687.5,-25.0
1152,240.0,4687.5,0.0
1153,240.0,4687.5,25.0
1154,240.0,4687.5,50.0
1160,240.0,5625.0,-50.0
1161,240.0,5625.0,-25.0
1162,240.0,5625.0,0.0
1163,240.0,5625.0,25.0
1164,240.0,5625.0,50.0
1170,240.0,6562.5,-50.0
1171,240.0,6562.5,-25.0
1172,240.0,6562.5,0.0
1173,240.0,6562.5,25.0
1174,240.0,6562.5,50.0
1180,240.0,7500.0,-50.0
1181,240.0,7500.0,-25.0
1182,240.0,7500.0,0.0
1183,240.0,7500.0,25.0
1184,240.0,7500.0,50.0
1190,240.0,8437.5,-50.0
1191,240.0,8437.5,-25.0
1192,240.0,8437.5,0.0
1193,240.0,8437.5,25.0
1194,240.0,8437.5,50.0
11100,240.0,9375.0,-50.0
11101,240.0,9375.0,-25.0
11102,240.0,9375.0,0.0
11103,240.0,9375.0,25.0
11104,240.0,9375.0,50.0
11110,240.0,10312.5,-50.0
11111,240.0,10312.5,-25.0
11112,240.0,10312.5,0.0
11113,240.0,10312.5,25.0
11114,240.0,10312.5,50.0
11120,240.0,11250.0,-50.0
11121,240.0,11250.0,-25.0
11122,240.0,11250.0,0.0
11123,240.0,11250.0,25.0
11124,240.0,11250.0,50.0
11130,240.0,12187.5,-50.0
11131,240.0,12187.5,-25.0
11132,240.0,12187.5,0.0
11133,240.0,12187.5,25.0
11134,240.0,12187.5,50.0
11140,240.0,13125.0,-50.0
11141,240.0,13125.0,-25.0
11142,240.0,13125.0,0.0
11143,240.0,13125.0,25.0
11144,240.0,13125.0,50.0
11150,240.0,14062.5,-50.0
11151,240.0,14062.5,-25.0
11152,240.0,14062.5,0.0
11153,240.0,14062.5,25.0
11154,240.0,14062.5,50.0
11160,240.0,15000.0,-50.0
11161,240.0,15000.0,-25.0
11162,240.0,15000.0,0.0
11163,240.0,15000.0,25.0
11164,240.0,15000.0,50.0
1200,260.0,0.0,-50.0
1201,260.0,0.0,-25.0
1202,260.0,0.0,0.0
1203,260.0,0.0,25.0
1204,260.0,0.0,50.0
1210,260.0,937.5,-50.0
1211,260.0,937.5,-25.0
1212,260.0,937.5,0.0
1213,260.0,937.5,25.0
1214,260.0,937.5,50.0
1220,260.0,1875.0,-50.0
1221,260.0,1875.0,-25.0
1222,260.0,1875.0,0.0
1223,260.0,1875.0,25.0
1224,260.0,1875.0,50.0
1230,260.0,2812.5,-50.0
1231,260.0,2812.5,-25.0
1232,260.0,2812.5,0.0
1233,260.0,2812.5,25.0
1234,260.0,2812.5,50.0
1240,260.0,3750.0,-50.0
1241,260.0,3750.0,-25.0
1242,260.0,3750.0,0.0
1243,260.0,3750.0,25.0
1244,260.0,3750.0,50.0
1250,260.0,4687.5,-50.0
1251,260.0,4687.5,-25.0
1252,260.0,4687.5,0.0
1253,260.0,4687.5,25.0
1254,260.0,4687.5,50.0
1260,260.0,5625.0,-50.0
1261,260.0,5625.0,-25.0
1262,260.0,5625.0,0.0
1263,260.0,5625.0,25.0
1264,260.0,5625.0,50.0
1270,260.0,6562.5,-50.0
1271,260.0,6562.5,-25.0
1272,260.0,6562.5,0.0
1273,260.0,6562.5,25.0
1274,260.0,6562.5,50.0
1280,260.0,7500.0,-50.0
1281,260.0,7500.0,-25.0
1282,260.0,7500.0,0.0
1283,260.0,7500.0,25.0
1284,260.0,7500.0,50.0
1290,260.0,8437.5,-50.0
1291,260.0,8437.5,-25.0
1292,260.0,8437.5,0.0
1293,260.0,8437.5,25.0
1294,260.0,8437.5,50.0
12100,260.0,9375.0,-50.0
12101,260.0,9375.0,-25.0
12102,260.0,9375.0,0.0
12103,260.0,9375.0,25.0
12104,260.0,9375.0,50.0
12110,260.0,10312.5,-50.0
12111,260.0,10312.5,-25.0
12112,260.0,10312.5,0.0
12113,260.0,10312.5,25.0
12114,260.0,10312.5,50.0
12120,260.0,11250.0,-50.0
12121,260.0,11250.0,-25.0
12122,260.0,11250.0,0.0
12123,260.0,11250.0,25.0
12124,260.0,11250.0,50.0
12130,260.0,12187.5,-50.0
12131,260.0,12187.5,-25.0
12132,260.0,12187.5,0.0
12133,260.0,12187.5,25.0
12134,260.0,12187.5,50.0
12140,260.0,13125.0,-50.0
12141,260.0,13125.0,-25.0
12142,260.0,13125.0,0.0
12143,260.0,13125.0,25.0
12144,260.0,13125.0,50.0
12150,260.0,14062.5,-50.0
12151,260.0,14062.5,-25.0
12152,260.0,14062.5,0.0
12153,260.0,14062.5,25.0
12154,260.0,14062.5,50.0
12160,260.0,15000.0,-50.0
12161,260.0,15000.0,-25.0
12162,260.0,15000.0,0.0
12163,260.0,15000.0,25.0
12164,260.0,15000.0,50.0
1300,280.0,0.0,-50.0
1301,280.0,0.0,-25.0
1302,280.0,0.0,0.0
1303,280.0,0.0,25.0
1304,280.0,0.0,50.0
1310,280.0,937.5,-50.0
1311,280.0,937.5,-25.0
1312,280.0,937.5,0.0
1313,280.0,937.5,25.0
1314,280.0,937.5,50.0
1320,280.0,1875.0,-50.0
1321,280.0,1875.0,-25.0
1322,280.0,1875.0,0.0
1323,280.0,1875.0,25.0
1324,280.0,1875.0,50.0
1330,280.0,2812.5,-50.0
1331,280.0,2812.5,-25.0
1332,280.0,2812.5,0.0
1333,280.0,2812.5,25.0
1334,280.0,2812.5,50.0
1340,280.0,3750.0,-50.0
1341,280.0,3750.0,-25.0
1342,280.0,3750.0,0.0
1343,280.0,3750.0,25.0
1344,280.0,3750.0,50.0
1350,280.0,4687.5,-50.0
1351,280.0,4687.5,-25.0
1352,280.0,4687.5,0.0
1353,280.0,4687.5,25.0
1354,280.0,4687.5,50.0
1360,280.0,5625.0,-50.0
1361,280.0,5625.0,-25.0
1362,280.0,5625.0,0.0
1363,280.0,5625.0,25.0
1364,280.0,5625.0,50.0
1370,280.0,6562.5,-50.0
1371,280.0,6562.5,-25.0
1372,280.0,6562.5,0.0
1373,280.0,6562.5,25.0
1374,280.0,6562.5,50.0
1380,280.0,7500.0,-50.0
1381,280.0,7500.0,-25.0
1382,280.0,7500.0,0.0
1383,280.0,7500.0,25.0
1384,280.0,7500.0,50.0
1390,280.0,8437.5,-50.0
1391,280.0,8437.5,-25.0
1392,280.0,8437.5,0.0
1393,280.0,8437.5,25.0
1394,280.0,8437.5,50.0
13100,280.0,9375.0,-50.0
13101,280.0,9375.0,-25.0
13102,280.0,9375.0,0.0
13103,280.0,9375.0,25.0
13104,280.0,9375.0,50.0
13110,280.0,10312.5,-50.0
13111,280.0,10312.5,-25.0
13112,280.0,10312.5,0.0
13113,280.0,10312.5,25.0
13114,280.0,10312.5,50.0
13120,280.0,11250.0,-50.0
13121,280.0,11250.0,-25.0
13122,280.0,11250.0,0.0
13123,280.0,11250.0,25.0
13124,280.0,11250.0,50.0
13130,280.0,12187.5,-50.0
13131,280.0,12187.5,-25.0
13132,280.0,12187.5,0.0
13133,280.0,12187.5,25.0
13134,280.0,12187.5,50.0
13140,280.0,13125.0,-50.0
13141,280.0,13125.0,-25.0
13142,280.0,13125.0,0.0
13143,280.0,13125.0,25.0
13144,280.0,13125.0,50.0
13150,280.0,14062.5,-50.0
13151,280.0,14062.5,-25.0
13152,280.0,14062.5,0.0
13153,280.0,14062.5,25.0
13154,280.0,14062.5,50.0
13160,280.0,15000.0,-50.0
13161,280.0,15000.0,-25.0
13162,280.0,15000.0,0.0
13163,280.0,15000.0,25.0
13164,280.0,15000.0,50.0
1400,300.0,0.0,-50.0
1401,300.0,0.0,-25.0
1402,300.0,0.0,0.0
1403,300.0,0.0,25.0
1404,300.0,0.0,50.0
1410,300.0,937.5,-50.0
1411,300.0,937.5,-25.0
1412,300.0,937.5,0.0
1413,300.0,937.5,25.0
1414,300.0,937.5,50.0
1420,300.0,1875.0,-50.0
1421,300.0,1875.0,-25.0
1422,300.0,1875.0,0.0
1423,300.0,1875.0,25.0
1424,300.0,1875.0,50.0
1430,300.0,2812.5,-50.0
1431,300.0,2812.5,-25.0
1432,300.0,2812.5,0.0
1433,300.0,2812.5,25.0
1434,300.0,2812.5,50.0
1440,300.0,3750.0,-50.0
1441,300.0,3750.0,-25.0
1442,300.0,3750.0,0.0
1443,300.0,3750.0,25.0
1444,300.0,3750.0,50.0
1450,300.0,4687.5,-50.0
1451,300.0,4687.5,-25.0
1452,300.0,4687.5,0.0
1453,300.0,4687.5,25.0
1454,300.0,4687.5,50.0
1460,300.0,5625.0,-50.0
1461,300.0,5625.0,-25.0
1462,300.0,5625.0,0.0
1463,300.0,5625.0,25.0
1464,300.0,5625.0,50.0
1470,300.0,6562.5,-50.0
1471,300.0,6562.5,-25.0
1472,300.0,6562.5,0.0
1473,300.0,6562.5,25.0
1474,300.0,6562.5,50.0
1480,300.0,7500.0,-50.0
1481,300.0,7500.0,-25.0
1482,300.0,7500.0,0.0
1483,300.0,7500.0,25.0
1484,300.0,7500.0,50.0
1490,300.0,8437.5,-50.0
1491,300.0,8437.5,-25.0
1492,300.0,8437.5,0.0
1493,300.0,8437.5,25.0
1494,300.0,8437.5,50.0
14100,300.0,9375.0,-50.0
14101,300.0,9375.0,-25.0
14102,300.0,9375.0,0.0
14103,300.0,9375.0,25.0
14104,300.0,9375.0,50.0
14110,300.0,10312.5,-50.0
14111,300.0,10312.5,-25.0
14112,300.0,10312.5,0.0
14113,300.0,10312.5,25.0
14114,300.0,10312.5,50.0
14120,300.0,11250.0,-50.0
14121,300.0,11250.0,-25.0
14122,300.0,11250.0,0.0
14123,300.0,11250.0,25.0
14124,300.0,11250.0,50.0
14130,300.0,12187.5,-50.0
14131,300.0,12187.5,-25.0
14132,300.0,12187.5,0.0
14133,300.0,12187.5,25.0
14134,300.0,12187.5,50.0
14140,300.0,13125.0,-50.0
14141,300.0,13125.0,-25.0
14142,300.0,13125.0,0.0
14143,300.0,13125.0,25.0
14144,300.0,13125.0,50.0
14150,300.0,14062.5,-50.0
14151,300.0,14062.5,-25.0
14152,300.0,14062.5,0.0
14153,300.0,14062.5,25.0
14154,300.0,14062.5,50.0
14160,300.0,15000.0,-50.0
14161,300.0,15000.0,-25.0
14162,300.0,15000.0,0.0
14163,300.0,15000.0,25.0
14164,300.0,15000.0,50.0
1500,320.0,0.0,-50.0
1501,320.0,0.0,-25.0
1502,320.0,0.0,0.0
1503,320.0,0.0,25.0
1504,320.0,0.0,50.0
1510,320.0,937.5,-50.0
1511,320.0,937.5,-25.0
1512,320.0,937.5,0.0
1513,320.0,937.5,25.0
1514,320.0,937.5,50.0
1520,320.0,1875.0,-50.0
1521,320.0,1875.0,-25.0
1522,320.0,1875.0,0.0
1523,320.0,1875.0,25.0
1524,320.0,1875.0,50.0
1530,320.0,2812.5,-50.0
1531,320.0,2812.5,-25.0
1532,320.0,2812.5,0.0
1533,320.0,2812.5,25.0
1534,320.0,2812.5,50.0
1540,320.0,3750.0,-50.0
1541,320.0,3750.0,-25.0
1542,320.0,3750.0,0.0
1543,320.0,3750.0,25.0
1544,320.0,3750.0,50.0
1550,320.0,4687.5,-50.0
1551,320.0,4687.5,-25.0
1552,320.0,4687.5,0.0
1553,320.0,4687.5,25.0
1554,320.0,4687.5,50.0
1560,320.0,5625.0,-50.0
1561,320.0,5625.0,-25.0
1562,320.0,5625.0,0.0
1563,320.0,5625.0,25.0
1564,320.0,5625.0,50.0
1570,320.0,6562.5,-50.0
1571,320.0,6562.5,-25.0
1572,320.0,6562.5,0.0
1573,320.0,6562.5,25.0
1574,320.0,6562.5,50.0
1580,320.0,7500.0,-50.0
1581,320.0,7500.0,-25.0
1582,320.0,7500.0,0.0
1583,320.0,7500.0,25.0
1584,320.0,7500.0,50.0
1590,320.0,8437.5,-50.0
1591,320.0,8437.5,-25.0
1592,320.0,8437.5,0.0
1593,320.0,8437.5,25.0
1594,320.0,8437.5,50.0
15100,320.0,9375.0,-50.0
15101,320.0,9375.0,-25.0
15102,320.0,9375.0,0.0
15103,320.0,9375.0,25.0
15104,320.0,9375.0,50.0
15110,320.0,10312.5,-50.0
15111,320.0,10312.5,-25.0
15112,320.0,10312.5,0.0
15113,320.0,10312.5,25.0
15114,320.0,10312.5,50.0
15120,320.0,11250.0,-50.0
15121,320.0,11250.0,-25.0
15122,320.0,11250.0,0.0
15123,320.0,11250.0,25.0
15124,320.0,11250.0,50.0
15130,320.0,12187.5,-50.0
15131,320.0,12187.5,-25.0
15132,320.0,12187.5,0.0
15133,320.0,12187.5,25.0
15134,320.0,12187.5,50.0
15140,320.0,13125.0,-50.0
15141,320.0,13125.0,-25.0
15142,320.0,13125.0,0.0
15143,320.0,13125.0,25.0
15144,320.0,13125.0,50.0
15150,320.0,14062.5,-50.0
15151,320.0,14062.5,-25.0
15152,320.0,14062.5,0.0
15153,320.0,14062.5,25.0
15154,320.0,14062.5,50.0
15160,320.0,15000.0,-50.0
15161,320.0,15000.0,-25.0
15162,320.0,15000.0,0.0
15163,320.0,15000.0,25.0
15164,320.0,15000.0,50.0
1600,340.0,0.0,-50.0
1601,340.0,0.0,-25.0
1602,340.0,0.0,0.0
1603,340.0,0.0,25.0
1604,340.0,0.0,50.0
1610,340.0,937.5,-50.0
1611,340.0,937.5,-25.0
1612,340.0,937.5,0.0
1613,340.0,937.5,25.0
1614,340.0,937.5,50.0
1620,340.0,1875.0,-50.0
1621,340.0,1875.0,-25.0
1622,340.0,1875.0,0.0
1623,340.0,1875.0,25.0
1624,340.0,1875.0,50.0
1630,340.0,2812.5,-50.0
1631,340.0,2812.5,-25.0
1632,340.0,2812.5,0.0
1633,340.0,2812.5,25.0
1634,340.0,2812.5,50.0
1640,340.0,3750.0,-50.0
1641,340.0,3750.0,-25.0
1642,340.0,3750.0,0.0
1643,340.0,3750.0,25.0
1644,340.0,3750.0,50.0
1650,340.0,4687.5,-50.0
1651,340.0,4687.5,-25.0
1652,340.0,4687.5,0.0
1653,340.0,4687.5,25.0
1654,340.0,4687.5,50.0
1660,340.0,5625.0,-50.0
1661,340.0,5625.0,-25.0
1662,340.0,5625.0,0.0
1663,340.0,5625.0,25.0
1664,340.0,5625.0,50.0
1670,340.0,6562.5,-50.0
1671,340.0,6562.5,-25.0
1672,340.0,6562.5,0.0
1673,340.0,6562.5,25.0
1674,340.0,6562.5,50.0
1680,340.0,7500.0,-50.0
1681,340.0,7500.0,-25.0
1682,340.0,7500.0,0.0
1683,340.0,7500.0,25.0
1684,340.0,7500.0,50.0
1690,340.0,8437.5,-50.0
1691,340.0,8437.5,-25.0
1692,340.0,8437.5,0.0
1693,340.0,8437.5,25.0
1694,340.0,8437.5,50.0
16100,340.0,9375.0,-50.0
16101,340.0,9375.0,-25.0
16102,340.0,9375.0,0.0
16103,340.0,9375.0,25.0
16104,340.0,9375.0,50.0
16110,340.0,10312.5,-50.0
16111,340.0,10312.5,-25.0
16112,340.0,10312.5,0.0
16113,340.0,10312.5,25.0
16114,340.0,10312.5,50.0
16120,340.0,11250.0,-50.0
16121,340.0,11250.0,-25.0
16122,340.0,11250.0,0.0
16123,340.0,11250.0,25.0
16124,340.0,11250.0,50.0
16130,340.0,12187.5,-50.0
16131,340.0,12187.5,-25.0
16132,340.0,12187.5,0.0
16133,340.0,12187.5,25.0
16134,340.0,12187.5,50.0
16140,340.0,13125.0,-50.0
16141,340.0,13125.0,-25.0
16142,340.0,13125.0,0.0
16143,340.0,13125.0,25.0
16144,340.0,13125.0,50.0
16150,340.0,14062.5,-50.0
16151,340.0,14062.5,-25.0
16152,340.0,14062.5,0.0
16153,340.0,14062.5,25.0
16154,340.0,14062.5,50.0
16160,340.0,15000.0,-50.0
16161,340.0,15000.0,-25.0
16162,340.0,15000.0,0.0
16163,340.0,15000.0,25.0
16164,340.0,15000.0,50.0
1700,360.0,0.0,-50.0
1701,360.0,0.0,-25.0
1702,360.0,0.0,0.0
1703,360.0,0.0,25.0
1704,360.0,0.0,50.0
1710,360.0,937.5,-50.0
1711,360.0,937.5,-25.0
1712,360.0,937.5,0.0
1713,360.0,937.5,25.0
1714,360.0,937.5,50.0
1720,360.0,1875.0,-50.0
1721,360.0,1875.0,-25.0
1722,360.0,1875.0,0.0
1723,360.0,1875.0,25.0
1724,360.0,1875.0,50.0
1730,360.0,2812.5,-50.0
1731,360.0,2812.5,-25.0
1732,360.0,2812.5,0.0
1733,360.0,2812.5,25.0
1734,360.0,2812.5,50.0
1740,360.0,3750.0,-50.0
1741,360.0,3750.0,-25.0
1742,360.0,3750.0,0.0
1743,360.0,3750.0,25.0
1744,360.0,3750.0,50.0
1750,360.0,4687.5,-50.0
1751,360.0,4687.5,-25.0
1752,360.0,4687.5,0.0
1753,360.0,4687.5,25.0
1754,360.0,4687.5,50.0
1760,360.0,5625.0,-50.0
1761,360.0,5625.0,-25.0
1762,360.0,5625.0,0.0
1763,360.0,5625.0,25.0
1764,360.0,5625.0,50.0
1770,360.0,6562.5,-50.0
1771,360.0,6562.5,-25.0
1772,360.0,6562.5,0.0
1773,360.0,6562.5,25.0
1774,360.0,6562.5,50.0
1780,360.0,7500.0,-50.0
1781,360.0,7500.0,-25.0
1782,360.0,7500.0,0.0
1783,360.0,7500.0,25.0
1784,360.0,7500.0,50.0
1790,360.0,8437.5,-50.0
1791,360.0,8437.5,-25.0
1792,360.0,8437.5,0.0
1793,360.0,8437.5,25.0
1794,360.0,8437.5,50.0
17100,360.0,9375.0,-50.0
17101,360.0,9375.0,-25.0
17102,360.0,9375.0,0.0
17103,360.0,9375.0,25.0
17104,360.0,9375.0,50.0
17110,360.0,10312.5,-50.0
17111,360.0,10312.5,-25.0
17112,360.0,10312.5,0.0
17113,360.0,10312.5,25.0
17114,360.0,10312.5,50.0
17120,360.0,11250.0,-50.0
17121,360.0,11250.0,-25.0
17122,360.0,11250.0,0.0
17123,360.0,11250.0,25.0
17124,360.0,11250.0,50.0
17130,360.0,12187.5,-50.0
17131,360.0,12187.5,-25.0
17132,360.0,12187.5,0.0
17133,360.0,12187.5,25.0
17134,360.0,12187.5,50.0
17140,360.0,13125.0,-50.0
17141,360.0,13125.0,-25.0
17142,360.0,13125.0,0.0
17143,360.0,13125.0,25.0
17144,360.0,13125.0,50.0
17150,360.0,14062.5,-50.0
17151,360.0,14062.5,-25.0
17152,360.0,14062.5,0.0
17153,360.0,14062.5,25.0
17154,360.0,14062.5,50.0
17160,360.0,15000.0,-50.0
17161,360.0,15000.0,-25.0
17162,360.0,15000.0,0.0
17163,360.0,15000.0,25.0
17164,360.0,15000.0,50.0
1800,380.0,0.0,-50.0
1801,380.0,0.0,-25.0
1802,380.0,0.0,0.0
1803,380.0,0.0,25.0
1804,380.0,0.0,50.0
1810,380.0,937.5,-50.0
1811,380.0,937.5,-25.0
1812,380.0,937.5,0.0
1813,380.0,937.5,25.0
1814,380.0,937.5,50.0
1820,380.0,1875.0,-50.0
1821,380.0,1875.0,-25.0
1822,380.0,1875.0,0.0
1823,380.0,1875.0,25.0
1824,380.0,1875.0,50.0
1830,380.0,2812.5,-50.0
1831,380.0,2812.5,-25.0
1832,380.0,2812.5,0.0
1833,380.0,2812.5,25.0
1834,380.0,2812.5,50.0
1840,380.0,3750.0,-50.0
1841,380.0,3750.0,-25.0
1842,380.0,3750.0,0.0
1843,380.0,3750.0,25.0
1844,380.0,3750.0,50.0
1850,380.0,4687.5,-50.0
1851,380.0,4687.5,-25.0
1852,380.0,4687.5,0.0
1853,380.0,4687.5,25.0
1854,380.0,4687.5,50.0
1860,380.0,5625.0,-50.0
1861,380.0,5625.0,-25.0
1862,380.0,5625.0,0.0
1863,380.0,5625.0,25.0
1864,380.0,5625.0,50.0
1870,380.0,6562.5,-50.0
1871,380.0,6562.5,-25.0
1872,380.0,6562.5,0.0
1873,380.0,6562.5,25.0
1874,380.0,6562.5,50.0
1880,380.0,7500.0,-50.0
1881,380.0,7500.0,-25.0
1882,380.0,7500.0,0.0
1883,380.0,7500.0,25.0
1884,380.0,7500.0,50.0
1890,380.0,8437.5,-50.0
1891,380.0,8437.5,-25.0
1892,380.0,8437.5,0.0
1893,380.0,8437.5,25.0
1894,380.0,8437.5,50.0
18100,380.0,9375.0,-50.0
18101,380.0,9375.0,-25.0
18102,380.0,9375.0,0.0
18103,380.0,9375.0,25.0
18104,380.0,9375.0,50.0
18110,380.0,10312.5,-50.0
18111,380.0,10312.5,-25.0
18112,380.0,10312.5,0.0
18113,380.0,10312.5,25.0
18114,380.0,10312.5,50.0
18120,380.0,11250.0,-50.0
18121,380.0,11250.0,-25.0
18122,380.0,11250.0,0.0
18123,380.0,11250.0,25.0
18124,380.0,11250.0,50.0
18130,380.0,12187.5,-50.0
18131,380.0,12187.5,-25.0
18132,380.0,12187.5,0.0
18133,380.0,12187.5,25.0
18134,380.0,12187.5,50.0
18140,380.0,13125.0,-50.0
18141,380.0,13125.0,-25.0
18142,380.0,13125.0,0.0
18143,380.0,13125.0,25.0
18144,380.0,13125.0,50.0
18150,380.0,14062.5,-50.0
18151,380.0,14062.5,-25.0
18152,380.0,14062.5,0.0
18153,380.0,14062.5,25.0
18154,380.0,14062.5,50.0
18160,380.0,15000.0,-50.0
18161,380.0,15000.0,-25.0
18162,380.0,15000.0,0.0
18163,380.0,15000.0,25.0
18164,380.0,15000.0,50.0
1900,400.0,0.0,-50.0
1901,400.0,0.0,-25.0
1902,400.0,0.0,0.0
1903,400.0,0.0,25.0
1904,400.0,0.0,50.0
1910,400.0,937.5,-50.0
1911,400.0,937.5,-25.0
1912,400.0,937.5,0.0
1913,400.0,937.5,25.0
1914,400.0,937.5,50.0
1920,400.0,1875.0,-50.0
1921,400.0,1875.0,-25.0
1922,400.0,1875.0,0.0
1923,400.0,1875.0,25.0
1924,400.0,1875.0,50.0
1930,400.0,2812.5,-50.0
1931,400.0,2812.5,-25.0
1932,400.0,2812.5,0.0
1933,400.0,2812.5,25.0
1934,400.0,2812.5,50.0
1940,400.0,3750.0,-50.0
1941,400.0,3750.0,-25.0
1942,400.0,3750.0,0.0
1943,400.0,3750.0,25.0
1944,400.0,3750.0,50.0
1950,400.0,4687.5,-50.0
1951,400.0,4687.5,-25.0
1952,400.0,4687.5,0.0
1953,400.0,4687.5,25.0
1954,400.0,4687.5,50.0
1960,400.0,5625.0,-50.0
1961,400.0,5625.0,-25.0
1962,400.0,5625.0,0.0
1963,400.0,5625.0,25.0
1964,400.0,5625.0,50.0
1970,400.0,6562.5,-50.0
1971,400.0,6562.5,-25.0
1972,400.0,6562.5,0.0
1973,400.0,6562.5,25.0
1974,400.0,6562.5,50.0
1980,400.0,7500.0,-50.0
1981,400.0,7500.0,-25.0
1982,400.0,7500.0,0.0
1983,400.0,7500.0,25.0
1984,400.0,7500.0,50.0
1990,400.0,8437.5,-50.0
1991,400.0,8437.5,-25.0
1992,400.0,8437.5,0.0
1993,400.0,8437.5,25.0
1994,400.0,8437.5,50.0
19100,400.0,9375.0,-50.0
19101,400.0,9375.0,-25.0
19102,400.0,9375.0,0.0
19103,400.0,9375.0,25.0
19104,400.0,9375.0,50.0
19110,400.0,10312.5,-50.0
19111,400.0,10312.5,-25.0
19112,400.0,10312.5,0.0
19113,400.0,10312.5,25.0
19114,400.0,10312.5,50.0
19120,400.0,11250.0,-50.0
19121,400.0,11250.0,-25.0
19122,400.0,11250.0,0.0
19123,400.0,11250.0,25.0
19124,400.0,11250.0,50.0
19130,400.0,12187.5,-50.0
19131,400.0,12187.5,-25.0
19132,400.0,12187.5,0.0
19133,400.0,12187.5,25.0
19134,400.0,12187.5,50.0
19140,400.0,13125.0,-50.0
19141,400.0,13125.0,-25.0
19142,400.0,13125.0,0.0
19143,400.0,13125.0,25.0
19144,400.0,13125.0,50.0
19150,400.0,14062.5,-50.0
19151,400.0,14062.5,-25.0
19152,400.0,14062.5,0.0
19153,400.0,14062.5,25.0
19154,400.0,14062.5,50.0
19160,400.0,15000.0,-50.0
19161,400.0,15000.0,-25.0
19162,400.0,15000.0,0.0
19163,400.0,15000.0,25.0
19164,400.0,15000.0,50.0
2000,420.0,0.0,-50.0
2001,420.0,0.0,-25.0
2002,420.0,0.0,0.0
2003,420.0,0.0,25.0
2004,420.0,0.0,50.0
2010,420.0,937.5,-50.0
2011,420.0,937.5,-25.0
2012,420.0,937.5,0.0
2013,420.0,937.5,25.0
2014,420.0,937.5,50.0
2020,420.0,1875.0,-50.0
2021,420.0,1875.0,-25.0
2022,420.0,1875.0,0.0
2023,420.0,1875.0,25.0
2024,420.0,1875.0,50.0
2030,420.0,2812.5,-50.0
2031,420.0,2812.5,-25.0
2032,420.0,2812.5,0.0
2033,420.0,2812.5,25.0
2034,420.0,2812.5,50.0
2040,420.0,3750.0,-50.0
2041,420.0,3750.0,-25.0
2042,420.0,3750.0,0.0
2043,420.0,3750.0,25.0
2044,420.0,3750.0,50.0
2050,420.0,4687.5,-50.0
2051,420.0,4687.5,-25.0
2052,420.0,4687.5,0.0
2053,420.0,4687.5,25.0
2054,420.0,4687.5,50.0
2060,420.0,5625.0,-50.0
2061,420.0,5625.0,-25.0
2062,420.0,5625.0,0.0
2063,420.0,5625.0,25.0
2064,420.0,5625.0,50.0
2070,420.0,6562.5,-50.0
2071,420.0,6562.5,-25.0
2072,420.0,6562.5,0.0
2073,420.0,6562.5,25.0
2074,420.0,6562.5,50.0
2080,420.0,7500.0,-50.0
2081,420.0,7500.0,-25.0
2082,420.0,7500.0,0.0
2083,420.0,7500.0,25.0
2084,420.0,7500.0,50.0
2090,420.0,8437.5,-50.0
2091,420.0,8437.5,-25.0
2092,420.0,8437.5,0.0
2093,420.0,8437.5,25.0
2094,420.0,8437.5,50.0
20100,420.0,9375.0,-50.0
20101,420.0,9375.0,-25.0
20102,420.0,9375.0,0.0
20103,420.0,9375.0,25.0
20104,420.0,9375.0,50.0
20110,420.0,10312.5,-50.0
20111,420.0,10312.5,-25.0
20112,420.0,10312.5,0.0
20113,420.0,10312.5,25.0
20114,420.0,10312.5,50.0
20120,420.0,11250.0,-50.0
20121,420.0,11250.0,-25.0
20122,420.0,11250.0,0.0
20123,420.0,11250.0,25.0
20124,420.0,11250.0,50.0
20130,420.0,12187.5,-50.0
20131,420.0,12187.5,-25.0
20132,420.0,12187.5,0.0
20133,420.0,12187.5,25.0
20134,420.0,12187.5,50.0
20140,420.0,13125.0,-50.0
20141,420.0,13125.0,-25.0
20142,420.0,13125.0,0.0
20143,420.0,13125.0,25.0
20144,420.0,13125.0,50.0
20150,420.0,14062.5,-50.0
20151,420.0,14062.5,-25.0
20152,420.0,14062.5,0.0
20153,420.0,14062.5,25.0
20154,420.0,14062.5,50.0
20160,420.0,15000.0,-50.0
20161,420.0,15000.0,-25.0
20162,420.0,15000.0,0.0
20163,420.0,15000.0,25.0
20164,420.0,15000.0,50.0
2100,440.0,0.0,-50.0
2101,440.0,0.0,-25.0
2102,440.0,0.0,0.0
2103,440.0,0.0,25.0
2104,440.0,0.0,50.0
2110,440.0,937.5,-50.0
2111,440.0,937.5,-25.0
2112,440.0,937.5,0.0
2113,440.0,937.5,25.0
2114,440.0,937.5,50.0
2120,440.0,1875.0,-50.0
2121,440.0,1875.0,-25.0
2122,440.0,1875.0,0.0
2123,440.0,1875.0,25.0
2124,440.0,1875.0,50.0
2130,440.0,2812.5,-50.0
2131,440.0,2812.5,-25.0
2132,440.0,2812.5,0.0
2133,440.0,2812.5,25.0
2134,440.0,2812.5,50.0
2140,440.0,3750.0,-50.0
2141,440.0,3750.0,-25.0
2142,440.0,3750.0,0.0
2143,440.0,3750.0,25.0
2144,440.0,3750.0,50.0
2150,440.0,4687.5,-50.0
2151,440.0,4687.5,-25.0
2152,440.0,4687.5,0.0
2153,440.0,4687.5,25.0
2154,440.0,4687.5,50.0
2160,440.0,5625.0,-50.0
2161,440.0,5625.0,-25.0
2162,440.0,5625.0,0.0
2163,440.0,5625.0,25.0
2164,440.0,5625.0,50.0
2170,440.0,6562.5,-50.0
2171,440.0,6562.5,-25.0
2172,440.0,6562.5,0.0
2173,440.0,6562.5,25.0
2174,440.0,6562.5,50.0
2180,440.0,7500.0,-50.0
2181,440.0,7500.0,-25.0
2182,440.0,7500.0,0.0
2183,440.0,7500.0,25.0
2184,440.0,7500.0,50.0
2190,440.0,8437.5,-50.0
2191,440.0,8437.5,-25.0
2192,440.0,8437.5,0.0
2193,440.0,8437.5,25.0
2194,440.0,8437.5,50.0
21100,440.0,9375.0,-50.0
21101,440.0,9375.0,-25.0
21102,440.0,9375.0,0.0
21103,440.0,9375.0,25.0
21104,440.0,9375.0,50.0
21110,440.0,10312.5,-50.0
21111,440.0,10312.5,-25.0
21112,440.0,10312.5,0.0
21113,440.0,10312.5,25.0
21114,440.0,10312.5,50.0
21120,440.0,11250.0,-50.0
21121,440.0,11250.0,-25.0
21122,440.0,11250.0,0.0
21123,440.0,11250.0,25.0
21124,440.0,11250.0,50.0
21130,440.0,12187.5,-50.0
21131,440.0,12187.5,-25.0
21132,440.0,12187.5,0.0
21133,440.0,12187.5,25.0
21134,440.0,12187.5,50.0
21140,440.0,13125.0,-50.0
21141,440.0,13125.0,-25.0
21142,440.0,13125.0,0.0
21143,440.0,13125.0,25.0
21144,440.0,13125.0,50.0
21150,440.0,14062.5,-50.0
21151,440.0,14062.5,-25.0
21152,440.0,14062.5,0.0
21153,440.0,14062.5,25.0
21154,440.0,14062.5,50.0
21160,440.0,15000.0,-50.0
21161,440.0,15000.0,-25.0
21162,440.0,15000.0,0.0
21163,440.0,15000.0,25.0
21164,440.0,15000.0,50.0
2200,460.0,0.0,-50.0
2201,460.0,0.0,-25.0
2202,460.0,0.0,0.0
2203,460.0,0.0,25.0
2204,460.0,0.0,50.0
2210,460.0,937.5,-50.0
2211,460.0,937.5,-25.0
2212,460.0,937.5,0.0
2213,460.0,937.5,25.0
2214,460.0,937.5,50.0
2220,460.0,1875.0,-50.0
2221,460.0,1875.0,-25.0
2222,460.0,1875.0,0.0
2223,460.0,1875.0,25.0
2224,460.0,1875.0,50.0
2230,460.0,2812.5,-50.0
2231,460.0,2812.5,-25.0
2232,460.0,2812.5,0.0
2233,460.0,2812.5,25.0
2234,460.0,2812.5,50.0
2240,460.0,3750.0,-50.0
2241,460.0,3750.0,-25.0
2242,460.0,3750.0,0.0
2243,460.0,3750.0,25.0
2244,460.0,3750.0,50.0
2250,460.0,4687.5,-50.0
2251,460.0,4687.5,-25.0
2252,460.0,4687.5,0.0
2253,460.0,4687.5,25.0
2254,460.0,4687.5,50.0
2260,460.0,5625.0,-50.0
2261,460.0,5625.0,-25.0
2262,460.0,5625.0,0.0
2263,460.0,5625.0,25.0
2264,460.0,5625.0,50.0
2270,460.0,6562.5,-50.0
2271,460.0,6562.5,-25.0
2272,460.0,6562.5,0.0
2273,460.0,6562.5,25.0
2274,460.0,6562.5,50.0
2280,460.0,7500.0,-50.0
2281,460.0,7500.0,-25.0
2282,460.0,7500.0,0.0
2283,460.0,7500.0,25.0
2284,460.0,7500.0,50.0
2290,460.0,8437.5,-50.0
2291,460.0,8437.5,-25.0
2292,460.0,8437.5,0.0
2293,460.0,8437.5,25.0
2294,460.0,8437.5,50.0
22100,460.0,9375.0,-50.0
22101,460.0,9375.0,-25.0
22102,460.0,9375.0,0.0
22103,460.0,9375.0,25.0
22104,460.0,9375.0,50.0
22110,460.0,10312.5,-50.0
22111,460.0,10312.5,-25.0
22112,460.0,10312.5,0.0
22113,460.0,10312.5,25.0
22114,460.0,10312.5,50.0
22120,460.0,11250.0,-50.0
22121,460.0,11250.0,-25.0
22122,460.0,11250.0,0.0
22123,460.0,11250.0,25.0
22124,460.0,11250.0,50.0
22130,460.0,12187.5,-50.0
22131,460.0,12187.5,-25.0
22132,460.0,12187.5,0.0
22133,460.0,12187.5,25.0
22134,460.0,12187.5,50.0
22140,460.0,13125.0,-50.0
22141,460.0,13125.0,-25.0
22142,460.0,13125.0,0.0
22143,460.0,13125.0,25.0
22144,460.0,13125.0,50.0
22150,460.0,14062.5,-50.0
22151,460.0,14062.5,-25.0
22152,460.0,14062.5,0.0
22153,460.0,14062.5,25.0
22154,460.0,14062.5,50.0
22160,460.0,15000.0,-50.0
22161,460.0,15000.0,-25.0
22162,460.0,15000.0,0.0
22163,460.0,15000.0,25.0
22164,460.0,15000.0,50.0
2300,480.0,0.0,-50.0
2301,480.0,0.0,-25.0
2302,480.0,0.0,0.0
2303,480.0,0.0,25.0
2304,480.0,0.0,50.0
2310,480.0,937.5,-50.0
2311,480.0,937.5,-25.0
2312,480.0,937.5,0.0
2313,480.0,937.5,25.0
2314,480.0,937.5,50.0
2320,480.0,1875.0,-50.0
2321,480.0,1875.0,-25.0
2322,480.0,1875.0,0.0
2323,480.0,1875.0,25.0
2324,480.0,1875.0,50.0
2330,480.0,2812.5,-50.0
2331,480.0,2812.5,-25.0
2332,480.0,2812.5,0.0
2333,480.0,2812.5,25.0
2334,480.0,2812.5,50.0
2340,480.0,3750.0,-50.0
2341,480.0,3750.0,-25.0
2342,480.0,3750.0,0.0
2343,480.0,3750.0,25.0
2344,480.0,3750.0,50.0
2350,480.0,4687.5,-50.0
2351,480.0,4687.5,-25.0
2352,480.0,4687.5,0.0
2353,480.0,4687.5,25.0
2354,480.0,4687.5,50.0
2360,480.0,5625.0,-50.0
2361,480.0,5625.0,-25.0
2362,480.0,5625.0,0.0
2363,480.0,5625.0,25.0
2364,480.0,5625.0,50.0
2370,480.0,6562.5,-50.0
2371,480.0,6562.5,-25.0
2372,480.0,6562.5,0.0
2373,480.0,6562.5,25.0
2374,480.0,6562.5,50.0
2380,480.0,7500.0,-50.0
2381,480.0,7500.0,-25.0
2382,480.0,7500.0,0.0
2383,480.0,7500.0,25.0
2384,480.0,7500.0,50.0
2390,480.0,8437.5,-50.0
2391,480.0,8437.5,-25.0
2392,480.0,8437.5,0.0
2393,480.0,8437.5,25.0
2394,480.0,8437.5,50.0
23100,480.0,9375.0,-50.0
23101,480.0,9375.0,-25.0
23102,480.0,9375.0,0.0
23103,480.0,9375.0,25.0
23104,480.0,9375.0,50.0
23110,480.0,10312.5,-50.0
23111,480.0,10312.5,-25.0
23112,480.0,10312.5,0.0
23113,480.0,10312.5,25.0
23114,480.0,10312.5,50.0
23120,480.0,11250.0,-50.0
23121,480.0,11250.0,-25.0
23122,480.0,11250.0,0.0
23123,480.0,11250.0,25.0
23124,480.0,11250.0,50.0
23130,480.0,12187.5,-50.0
23131,480.0,12187.5,-25.0
23132,480.0,12187.5,0.0
23133,480.0,12187.5,25.0
23134,480.0,12187.5,50.0
23140,480.0,13125.0,-50.0
23141,480.0,13125.0,-25.0
23142,480.0,13125.0,0.0
23143,480.0,13125.0,25.0
23144,480.0,13125.0,50.0
23150,480.0,14062.5,-50.0
23151,480.0,14062.5,-25.0
23152,480.0,14062.5,0.0
23153,480.0,14062.5,25.0
23154,480.0,14062.5,50.0
23160,480.0,15000.0,-50.0
23161,480.0,15000.0,-25.0
23162,480.0,15000.0,0.0
23163,480.0,15000.0,25.0
23164,480.0,15000.0,50.0
2400,500.0,0.0,-50.0
2401,500.0,0.0,-25.0
2402,500.0,0.0,0.0
2403,500.0,0.0,25.0
2404,500.0,0.0,50.0
2410,500.0,937.5,-50.0
2411,500.0,937.5,-25.0
2412,500.0,937.5,0.0
2413,500.0,937.5,25.0
2414,500.0,937.5,50.0
2420,500.0,1875.0,-50.0
2421,500.0,1875.0,-25.0
2422,500.0,1875.0,0.0
2423,500.0,1875.0,25.0
2424,500.0,1875.0,50.0
2430,500.0,2812.5,-50.0
2431,500.0,2812.5,-25.0
2432,500.0,2812.5,0.0
2433,500.0,2812.5,25.0
2434,500.0,2812.5,50.0
2440,500.0,3750.0,-50.0
2441,500.0,3750.0,-25.0
2442,500.0,3750.0,0.0
2443,500.0,3750.0,25.0
2444,500.0,3750.0,50.0
2450,500.0,4687.5,-50.0
2451,500.0,4687.5,-25.0
2452,500.0,4687.5,0.0
2453,500.0,4687.5,25.0
2454,500.0,4687.5,50.0
2460,500.0,5625.0,-50.0
2461,500.0,5625.0,-25.0
2462,500.0,5625.0,0.0
2463,500.0,5625.0,25.0
2464,500.0,5625.0,50.0
2470,500.0,6562.5,-50.0
2471,500.0,6562.5,-25.0
2472,500.0,6562.5,0.0
2473,500.0,6562.5,25.0
2474,500.0,6562.5,50.0
2480,500.0,7500.0,-50.0
2481,500.0,7500.0,-25.0
2482,500.0,7500.0,0.0
2483,500.0,7500.0,25.0
2484,500.0,7500.0,50.0
2490,500.0,8437.5,-50.0
2491,500.0,8437.5,-25.0
2492,500.0,8437.5,0.0
2493,500.0,8437.5,25.0
2494,500.0,8437.5,50.0
24100,500.0,9375.0,-50.0
24101,500.0,9375.0,-25.0
24102,500.0,9375.0,0.0
24103,500.0,9375.0,25.0
24104,500.0,9375.0,50.0
24110,500.0,10312.5,-50.0
24111,500.0,10312.5,-25.0
24112,500.0,10312.5,0.0
24113,500.0,10312.5,25.0
24114,500.0,10312.5,50.0
24120,500.0,11250.0,-50.0
24121,500.0,11250.0,-25.0
24122,500.0,11250.0,0.0
24123,500.0,11250.0,25.0
24124,500.0,11250.0,50.0
24130,500.0,12187.5,-50.0
24131,500.0,12187.5,-25.0
24132,500.0,12187.5,0.0
24133,500.0,12187.5,25.0
24134,500.0,12187.5,50.0
24140,500.0,13125.0,-50.0
24141,500.0,13125.0,-25.0
24142,500.0,13125.0,0.0
24143,500.0,13125.0,25.0
24144,500.0,13125.0,50.0
24150,500.0,14062.5,-50.0
24151,500.0,14062.5,-25.0
24152,500.0,14062.5,0.0
24153,500.0,14062.5,25.0
24154,500.0,14062.5,50.0
24160,500.0,15000.0,-50.0
24161,500.0,15000.0,-25.0
24162,500.0,15000.0,0.0
24163,500.0,15000.0,25.0
24164,500.0,15000.0,50.0
2500,520.0,0.0,-50.0
2501,520.0,0.0,-25.0
2502,520.0,0.0,0.0
2503,520.0,0.0,25.0
2504,520.0,0.0,50.0
2510,520.0,937.5,-50.0
2511,520.0,937.5,-25.0
2512,520.0,937.5,0.0
2513,520.0,937.5,25.0
2514,520.0,937.5,50.0
2520,520.0,1875.0,-50.0
2521,520.0,1875.0,-25.0
2522,520.0,1875.0,0.0
2523,520.0,1875.0,25.0
2524,520.0,1875.0,50.0
2530,520.0,2812.5,-50.0
2531,520.0,2812.5,-25.0
2532,520.0,2812.5,0.0
2533,520.0,2812.5,25.0
2534,520.0,2812.5,50.0
2540,520.0,3750.0,-50.0
2541,520.0,3750.0,-25.0
2542,520.0,3750.0,0.0
2543,520.0,3750.0,25.0
2544,520.0,3750.0,50.0
2550,520.0,4687.5,-50.0
2551,520.0,4687.5,-25.0
2552,520.0,4687.5,0.0
2553,520.0,4687.5,25.0
2554,520.0,4687.5,50.0
2560,520.0,5625.0,-50.0
2561,520.0,5625.0,-25.0
2562,520.0,5625.0,0.0
2563,520.0,5625.0,25.0
2564,520.0,5625.0,50.0
2570,520.0,6562.5,-50.0
2571,520.0,6562.5,-25.0
2572,520.0,6562.5,0.0
2573,520.0,6562.5,25.0
2574,520.0,6562.5,50.0
2580,520.0,7500.0,-50.0
2581,520.0,7500.0,-25.0
2582,520.0,7500.0,0.0
2583,520.0,7500.0,25.0
2584,520.0,7500.0,50.0
2590,520.0,8437.5,-50.0
2591,520.0,8437.5,-25.0
2592,520.0,8437.5,0.0
2593,520.0,8437.5,25.0
2594,520.0,8437.5,50.0
25100,520.0,9375.0,-50.0
25101,520.0,9375.0,-25.0
25102,520.0,9375.0,0.0
25103,520.0,9375.0,25.0
25104,520.0,9375.0,50.0
25110,520.0,10312.5,-50.0
25111,520.0,10312.5,-25.0
25112,520.0,10312.5,0.0
25113,520.0,10312.5,25.0
25114,520.0,10312.5,50.0
25120,520.0,11250.0,-50.0
25121,520.0,11250.0,-25.0
25122,520.0,11250.0,0.0
25123,520.0,11250.0,25.0
25124,520.0,11250.0,50.0
25130,520.0,12187.5,-50.0
25131,520.0,12187.5,-25.0
25132,520.0,12187.5,0.0
25133,520.0,12187.5,25.0
25134,520.0,12187.5,50.0
25140,520.0,13125.0,-50.0
25141,520.0,13125.0,-25.0
25142,520.0,13125.0,0.0
25143,520.0,13125.0,25.0
25144,520.0,13125.0,50.0
25150,520.0,14062.5,-50.0
25151,520.0,14062.5,-25.0
25152,520.0,14062.5,0.0
25153,520.0,14062.5,25.0
25154,520.0,14062.5,50.0
25160,520.0,15000.0,-50.0
25161,520.0,15000.0,-25.0
25162,520.0,15000.0,0.0
25163,520.0,15000.0,25.0
25164,520.0,15000.0,50.0
2600,540.0,0.0,-50.0
2601,540.0,0.0,-25.0
2602,540.0,0.0,0.0
2603,540.0,0.0,25.0
2604,540.0,0.0,50.0
2610,540.0,937.5,-50.0
2611,540.0,937.5,-25.0
2612,540.0,937.5,0.0
2613,540.0,937.5,25.0
2614,540.0,937.5,50.0
2620,540.0,1875.0,-50.0
2621,540.0,1875.0,-25.0
2622,540.0,1875.0,0.0
2623,540.0,1875.0,25.0
2624,540.0,1875.0,50.0
2630,540.0,2812.5,-50.0
2631,540.0,2812.5,-25.0
2632,540.0,2812.5,0.0
2633,540.0,2812.5,25.0
2634,540.0,2812.5,50.0
2640,540.0,3750.0,-50.0
2641,540.0,3750.0,-25.0
2642,540.0,3750.0,0.0
2643,540.0,3750.0,25.0
2644,540.0,3750.0,50.0
2650,540.0,4687.5,-50.0
2651,540.0,4687.5,-25.0
2652,540.0,4687.5,0.0
2653,540.0,4687.5,25.0
2654,540.0,4687.5,50.0
2660,540.0,5625.0,-50.0
2661,540.0,5625.0,-25.0
2662,540.0,5625.0,0.0
2663,540.0,5625.0,25.0
2664,540.0,5625.0,50.0
2670,540.0,6562.5,-50.0
2671,540.0,6562.5,-25.0
2672,540.0,6562.5,0.0
2673,540.0,6562.5,25.0
2674,540.0,6562.5,50.0
2680,540.0,7500.0,-50.0
2681,540.0,7500.0,-25.0
2682,540.0,7500.0,0.0
2683,540.0,7500.0,25.0
2684,540.0,7500.0,50.0
2690,540.0,8437.5,-50.0
2691,540.0,8437.5,-25.0
2692,540.0,8437.5,0.0
2693,540.0,8437.5,25.0
2694,540.0,8437.5,50.0
26100,540.0,9375.0,-50.0
26101,540.0,9375.0,-25.0
26102,540.0,9375.0,0.0
26103,540.0,9375.0,25.0
26104,540.0,9375.0,50.0
26110,540.0,10312.5,-50.0
26111,540.0,10312.5,-25.0
26112,540.0,10312.5,0.0
26113,540.0,10312.5,25.0
26114,540.0,10312.5,50.0
26120,540.0,11250.0,-50.0
26121,540.0,11250.0,-25.0
26122,540.0,11250.0,0.0
26123,540.0,11250.0,25.0
26124,540.0,11250.0,50.0
26130,540.0,12187.5,-50.0
26131,540.0,12187.5,-25.0
26132,540.0,12187.5,0.0
26133,540.0,12187.5,25.0
26134,540.0,12187.5,50.0
26140,540.0,13125.0,-50.0
26141,540.0,13125.0,-25.0
26142,540.0,13125.0,0.0
26143,540.0,13125.0,25.0
26144,540.0,13125.0,50.0
26150,540.0,14062.5,-50.0
26151,540.0,14062.5,-25.0
26152,540.0,14062.5,0.0
26153,540.0,14062.5,25.0
26154,540.0,14062.5,50.0
26160,540.0,15000.0,-50.0
26161,540.0,15000.0,-25.0
26162,540.0,15000.0,0.0
26163,540.0,15000.0,25.0
26164,540.0,15000.0,50.0
2700,560.0,0.0,-50.0
2701,560.0,0.0,-25.0
2702,560.0,0.0,0.0
2703,560.0,0.0,25.0
2704,560.0,0.0,50.0
2710,560.0,937.5,-50.0
2711,560.0,937.5,-25.0
2712,560.0,937.5,0.0
2713,560.0,937.5,25.0
2714,560.0,937.5,50.0
2720,560.0,1875.0,-50.0
2721,560.0,1875.0,-25.0
2722,560.0,1875.0,0.0
2723,560.0,1875.0,25.0
2724,560.0,1875.0,50.0
2730,560.0,2812.5,-50.0
2731,560.0,2812.5,-25.0
2732,560.0,2812.5,0.0
2733,560.0,2812.5,25.0
2734,560.0,2812.5,50.0
2740,560.0,3750.0,-50.0
2741,560.0,3750.0,-25.0
2742,560.0,3750.0,0.0
2743,560.0,3750.0,25.0
2744,560.0,3750.0,50.0
2750,560.0,4687.5,-50.0
2751,560.0,4687.5,-25.0
2752,560.0,4687.5,0.0
2753,560.0,4687.5,25.0
2754,560.0,4687.5,50.0
2760,560.0,5625.0,-50.0
2761,560.0,5625.0,-25.0
2762,560.0,5625.0,0.0
2763,560.0,5625.0,25.0
2764,560.0,5625.0,50.0
2770,560.0,6562.5,-50.0
2771,560.0,6562.5,-25.0
2772,560.0,6562.5,0.0
2773,560.0,6562.5,25.0
2774,560.0,6562.5,50.0
2780,560.0,7500.0,-50.0
2781,560.0,7500.0,-25.0
2782,560.0,7500.0,0.0
2783,560.0,7500.0,25.0
2784,560.0,7500.0,50.0
2790,560.0,8437.5,-50.0
2791,560.0,8437.5,-25.0
2792,560.0,8437.5,0.0
2793,560.0,8437.5,25.0
2794,560.0,8437.5,50.0
27100,560.0,9375.0,-50.0
27101,560.0,9375.0,-25.0
27102,560.0,9375.0,0.0
27103,560.0,9375.0,25.0
27104,560.0,9375.0,50.0
27110,560.0,10312.5,-50.0
27111,560.0,10312.5,-25.0
27112,560.0,10312.5,0.0
27113,560.0,10312.5,25.0
27114,560.0,10312.5,50.0
27120,560.0,11250.0,-50.0
27121,560.0,11250.0,-25.0
27122,560.0,11250.0,0.0
27123,560.0,11250.0,25.0
27124,560.0,11250.0,50.0
27130,560.0,12187.5,-50.0
27131,560.0,12187.5,-25.0
27132,560.0,12187.5,0.0
27133,560.0,12187.5,25.0
27134,560.0,12187.5,50.0
27140,560.0,13125.0,-50.0
27141,560.0,13125.0,-25.0
27142,560.0,13125.0,0.0
27143,560.0,13125.0,25.0
27144,560.0,13125.0,50.0
27150,560.0,14062.5,-50.0
27151,560.0,14062.5,-25.0
27152,560.0,14062.5,0.0
27153,560.0,14062.5,25.0
27154,560.0,14062.5,50.0
27160,560.0,15000.0,-50.0
27161,560.0,15000.0,-25.0
27162,560.0,15000.0,0.0
27163,560.0,15000.0,25.0
27164,560.0,15000.0,50.0
2800,580.0,0.0,-50.0
2801,580.0,0.0,-25.0
2802,580.0,0.0,0.0
2803,580.0,0.0,25.0
2804,580.0,0.0,50.0
2810,580.0,937.5,-50.0
2811,580.0,937.5,-25.0
2812,580.0,937.5,0.0
2813,580.0,937.5,25.0
2814,580.0,937.5,50.0
2820,580.0,1875.0,-50.0
2821,580.0,1875.0,-25.0
2822,580.0,1875.0,0.0
2823,580.0,1875.0,25.0
2824,580.0,1875.0,50.0
2830,580.0,2812.5,-50.0
2831,580.0,2812.5,-25.0
2832,580.0,2812.5,0.0
2833,580.0,2812.5,25.0
2834,580.0,2812.5,50.0
2840,580.0,3750.0,-50.0
2841,580.0,3750.0,-25.0
2842,580.0,3750.0,0.0
2843,580.0,3750.0,25.0
2844,580.0,3750.0,50.0
2850,580.0,4687.5,-50.0
2851,580.0,4687.5,-25.0
2852,580.0,4687.5,0.0
2853,580.0,4687.5,25.0
2854,580.0,4687.5,50.0
2860,580.0,5625.0,-50.0
2861,580.0,5625.0,-25.0
2862,580.0,5625.0,0.0
2863,580.0,5625.0,25.0
2864,580.0,5625.0,50.0
2870,580.0,6562.5,-50.0
2871,580.0,6562.5,-25.0
2872,580.0,6562.5,0.0
2873,580.0,6562.5,25.0
2874,580.0,6562.5,50.0
2880,580.0,7500.0,-50.0
2881,580.0,7500.0,-25.0
2882,580.0,7500.0,0.0
2883,580.0,7500.0,25.0
2884,580.0,7500.0,50.0
2890,580.0,8437.5,-50.0
2891,580.0,8437.5,-25.0
2892,580.0,8437.5,0.0
2893,580.0,8437.5,25.0
2894,580.0,8437.5,50.0
28100,580.0,9375.0,-50.0
28101,580.0,9375.0,-25.0
28102,580.0,9375.0,0.0
28103,580.0,9375.0,25.0
28104,580.0,9375.0,50.0
28110,580.0,10312.5,-50.0
28111,580.0,10312.5,-25.0
28112,580.0,10312.5,0.0
28113,580.0,10312.5,25.0
28114,580.0,10312.5,50.0
28120,580.0,11250.0,-50.0
28121,580.0,11250.0,-25.0
28122,580.0,11250.0,0.0
28123,580.0,11250.0,25.0
28124,580.0,11250.0,50.0
28130,580.0,12187.5,-50.0
28131,580.0,12187.5,-25.0
28132,580.0,12187.5,0.0
28133,580.0,12187.5,25.0
28134,580.0,12187.5,50.0
28140,580.0,13125.0,-50.0
28141,580.0,13125.0,-25.0
28142,580.0,13125.0,0.0
28143,580.0,13125.0,25.0
28144,580.0,13125.0,50.0
28150,580.0,14062.5,-50.0
28151,580.0,14062.5,-25.0
28152,580.0,14062.5,0.0
28153,580.0,14062.5,25.0
28154,580.0,14062.5,50.0
28160,580.0,15000.0,-50.0
28161,580.0,15000.0,-25.0
28162,580.0,15000.0,0.0
28163,580.0,15000.0,25.0
28164,580.0,15000.0,50.0
2900,600.0,0.0,-50.0
2901,600.0,0.0,-25.0
2902,600.0,0.0,0.0
2903,600.0,0.0,25.0
2904,600.0,0.0,50.0
2910,600.0,937.5,-50.0
2911,600.0,937.5,-25.0
2912,600.0,937.5,0.0
2913,600.0,937.5,25.0
2914,600.0,937.5,50.0
2920,600.0,1875.0,-50.0
2921,600.0,1875.0,-25.0
2922,600.0,1875.0,0.0
2923,600.0,1875.0,25.0
2924,600.0,1875.0,50.0
2930,600.0,2812.5,-50.0
2931,600.0,2812.5,-25.0
2932,600.0,2812.5,0.0
2933,600.0,2812.5,25.0
2934,600.0,2812.5,50.0
2940,600.0,3750.0,-50.0
2941,600.0,3750.0,-25.0
2942,600.0,3750.0,0.0
2943,600.0,3750.0,25.0
2944,600.0,3750.0,50.0
2950,600.0,4687.5,-50.0
2951,600.0,4687.5,-25.0
2952,600.0,4687.5,0.0
2953,600.0,4687.5,25.0
2954,600.0,4687.5,50.0
2960,600.0,5625.0,-50.0
2961,600.0,5625.0,-25.0
2962,600.0,5625.0,0.0
2963,600.0,5625.0,25.0
2964,600.0,5625.0,50.0
2970,600.0,6562.5,-50.0
2971,600.0,6562.5,-25.0
2972,600.0,6562.5,0.0
2973,600.0,6562.5,25.0
2974,600.0,6562.5,50.0
2980,600.0,7500.0,-50.0
2981,600.0,7500.0,-25.0
2982,600.0,7500.0,0.0
2983,600.0,7500.0,25.0
2984,600.0,7500.0,50.0
2990,600.0,8437.5,-50.0
2991,600.0,8437.5,-25.0
2992,600.0,8437.5,0.0
2993,600.0,8437.5,25.0
2994,600.0,8437.5,50.0
29100,600.0,9375.0,-50.0
29101,600.0,9375.0,-25.0
29102,600.0,9375.0,0.0
29103,600.0,9375.0,25.0
29104,600.0,9375.0,50.0
29110,600.0,10312.5,-50.0
29111,600.0,10312.5,-25.0
29112,600.0,10312.5,0.0
29113,600.0,10312.5,25.0
29114,600.0,10312.5,50.0
29120,600.0,11250.0,-50.0
29121,600.0,11250.0,-25.0
29122,600.0,11250.0,0.0
29123,600.0,11250.0,25.0
29124,600.0,11250.0,50.0
29130,600.0,12187.5,-50.0
29131,600.0,12187.5,-25.0
29132,600.0,12187.5,0.0
29133,600.0,12187.5,25.0
29134,600.0,12187.5,50.0
29140,600.0,13125.0,-50.0
29141,600.0,13125.0,-25.0
29142,600.0,13125.0,0.0
29143,600.0,13125.0,25.0
29144,600.0,13125.0,50.0
29150,600.0,14062.5,-50.0
29151,600.0,14062.5,-25.0
29152,600.0,14062.5,0.0
29153,600.0,14062.5,25.0
29154,600.0,14062.5,50.0
29160,600.0,15000.0,-50.0
29161,600.0,15000.0,-25.0
29162,600.0,15000.0,0.0
29163,600.0,15000.0,25.0
29164,600.0,15000.0,50.0
3000,620.0,0.0,-50.0
3001,620.0,0.0,-25.0
3002,620.0,0.0,0.0
3003,620.0,0.0,25.0
3004,620.0,0.0,50.0
3010,620.0,937.5,-50.0
3011,620.0,937.5,-25.0
3012,620.0,937.5,0.0
3013,620.0,937.5,25.0
3014,620.0,937.5,50.0
3020,620.0,1875.0,-50.0
3021,620.0,1875.0,-25.0
3022,620.0,1875.0,0.0
3023,620.0,1875.0,25.0
3024,620.0,1875.0,50.0
3030,620.0,2812.5,-50.0
3031,620.0,2812.5,-25.0
3032,620.0,2812.5,0.0
3033,620.0,2812.5,25.0
3034,620.0,2812.5,50.0
3040,620.0,3750.0,-50.0
3041,620.0,3750.0,-25.0
3042,620.0,3750.0,0.0
3043,620.0,3750.0,25.0
3044,620.0,3750.0,50.0
3050,620.0,4687.5,-50.0
3051,620.0,4687.5,-25.0
3052,620.0,4687.5,0.0
3053,620.0,4687.5,25.0
3054,620.0,4687.5,50.0
3060,620.0,5625.0,-50.0
3061,620.0,5625.0,-25.0
3062,620.0,5625.0,0.0
3063,620.0,5625.0,25.0
3064,620.0,5625.0,50.0
3070,620.0,6562.5,-50.0
3071,620.0,6562.5,-25.0
3072,620.0,6562.5,0.0
3073,620.0,6562.5,25.0
3074,620.0,6562.5,50.0
3080,620.0,7500.0,-50.0
3081,620.0,7500.0,-25.0
3082,620.0,7500.0,0.0
3083,620.0,7500.0,25.0
3084,620.0,7500.0,50.0
3090,620.0,8437.5,-50.0
3091,620.0,8437.5,-25.0
3092,620.0,8437.5,0.0
3093,620.0,8437.5,25.0
3094,620.0,8437.5,50.0
30100,620.0,9375.0,-50.0
30101,620.0,9375.0,-25.0
30102,620.0,9375.0,0.0
30103,620.0,9375.0,25.0
30104,620.0,9375.0,50.0
30110,620.0,10312.5,-50.0
30111,620.0,10312.5,-25.0
30112,620.0,10312.5,0.0
30113,620.0,10312.5,25.0
30114,620.0,10312.5,50.0
30120,620.0,11250.0,-50.0
30121,620.0,11250.0,-25.0
30122,620.0,11250.0,0.0
30123,620.0,11250.0,25.0
30124,620.0,11250.0,50.0
30130,620.0,12187.5,-50.0
30131,620.0,12187.5,-25.0
30132,620.0,12187.5,0.0
30133,620.0,12187.5,25.0
30134,620.0,12187.5,50.0
30140,620.0,13125.0,-50.0
30141,620.0,13125.0,-25.0
30142,620.0,13125.0,0.0
30143,620.0,13125.0,25.0
30144,620.0,13125.0,50.0
30150,620.0,14062.5,-50.0
30151,620.0,14062.5,-25.0
30152,620.0,14062.5,0.0
30153,620.0,14062.5,25.0
30154,620.0,14062.5,50.0
30160,620.0,15000.0,-50.0
30161,620.0,15000.0,-25.0
30162,620.0,15000.0,0.0
30163,620.0,15000.0,25.0
30164,620.0,15000.0,50.0
3100,640.0,0.0,-50.0
3101,640.0,0.0,-25.0
3102,640.0,0.0,0.0
3103,640.0,0.0,25.0
3104,640.0,0.0,50.0
3110,640.0,937.5,-50.0
3111,640.0,937.5,-25.0
3112,640.0,937.5,0.0
3113,640.0,937.5,25.0
3114,640.0,937.5,50.0
3120,640.0,1875.0,-50.0
3121,640.0,1875.0,-25.0
3122,640.0,1875.0,0.0
3123,640.0,1875.0,25.0
3124,640.0,1875.0,50.0
3130,640.0,2812.5,-50.0
3131,640.0,2812.5,-25.0
3132,640.0,2812.5,0.0
3133,640.0,2812.5,25.0
3134,640.0,2812.5,50.0
3140,640.0,3750.0,-50.0
3141,640.0,3750.0,-25.0
3142,640.0,3750.0,0.0
3143,640.0,3750.0,25.0
3144,640.0,3750.0,50.0
3150,640.0,4687.5,-50.0
3151,640.0,4687.5,-25.0
3152,640.0,4687.5,0.0
3153,640.0,4687.5,25.0
3154,640.0,4687.5,50.0
3160,640.0,5625.0,-50.0
3161,640.0,5625.0,-25.0
3162,640.0,5625.0,0.0
3163,640.0,5625.0,25.0
3164,640.0,5625.0,50.0
3170,640.0,6562.5,-50.0
3171,640.0,6562.5,-25.0
3172,640.0,6562.5,0.0
3173,640.0,6562.5,25.0
3174,640.0,6562.5,50.0
3180,640.0,7500.0,-50.0
3181,640.0,7500.0,-25.0
3182,640.0,7500.0,0.0
3183,640.0,7500.0,25.0
3184,640.0,7500.0,50.0
3190,640.0,8437.5,-50.0
3191,640.0,8437.5,-25.0
3192,640.0,8437.5,0.0
3193,640.0,8437.5,25.0
3194,640.0,8437.5,50.0
31100,640.0,9375.0,-50.0
31101,640.0,9375.0,-25.0
31102,640.0,9375.0,0.0
31103,640.0,9375.0,25.0
31104,640.0,9375.0,50.0
31110,640.0,10312.5,-50.0
31111,640.0,10312.5,-25.0
31112,640.0,10312.5,0.0
31113,640.0,10312.5,25.0
31114,640.0,10312.5,50.0
31120,640.0,11250.0,-50.0
31121,640.0,11250.0,-25.0
31122,640.0,11250.0,0.0
31123,640.0,11250.0,25.0
31124,640.0,11250.0,50.0
31130,640.0,12187.5,-50.0
31131,640.0,12187.5,-25.0
31132,640.0,12187.5,0.0
31133,640.0,12187.5,25.0
31134,640.0,12187.5,50.0
31140,640.0,13125.0,-50.0
31141,640.0,13125.0,-25.0
31142,640.0,13125.0,0.0
31143,640.0,13125.0,25.0
31144,640.0,13125.0,50.0
31150,640.0,14062.5,-50.0
31151,640.0,14062.5,-25.0
31152,640.0,14062.5,0.0
31153,640.0,14062.5,25.0
31154,640.0,14062.5,50.0
31160,640.0,15000.0,-50.0
31161,640.0,15000.0,-25.0
31162,640.0,15000.0,0.0
31163,640.0,15000.0,25.0
31164,640.0,15000.0,50.0
3200,660.0,0.0,-50.0
3201,660.0,0.0,-25.0
3202,660.0,0.0,0.0
3203,660.0,0.0,25.0
3204,660.0,0.0,50.0
3210,660.0,937.5,-50.0
3211,660.0,937.5,-25.0
3212,660.0,937.5,0.0
3213,660.0,937.5,25.0
3214,660.0,937.5,50.0
3220,660.0,1875.0,-50.0
3221,660.0,1875.0,-25.0
3222,660.0,1875.0,0.0
3223,660.0,1875.0,25.0
3224,660.0,1875.0,50.0
3230,660.0,2812.5,-50.0
3231,660.0,2812.5,-25.0
3232,660.0,2812.5,0.0
3233,660.0,2812.5,25.0
3234,660.0,2812.5,50.0
3240,660.0,3750.0,-50.0
3241,660.0,3750.0,-25.0
3242,660.0,3750.0,0.0
3243,660.0,3750.0,25.0
3244,660.0,3750.0,50.0
3250,660.0,4687.5,-50.0
3251,660.0,4687.5,-25.0
3252,660.0,4687.5,0.0
3253,660.0,4687.5,25.0
3254,660.0,4687.5,50.0
3260,660.0,5625.0,-50.0
3261,660.0,5625.0,-25.0
3262,660.0,5625.0,0.0
3263,660.0,5625.0,25.0
3264,660.0,5625.0,50.0
3270,660.0,6562.5,-50.0
3271,660.0,6562.5,-25.0
3272,660.0,6562.5,0.0
3273,660.0,6562.5,25.0
3274,660.0,6562.5,50.0
3280,660.0,7500.0,-50.0
3281,660.0,7500.0,-25.0
3282,660.0,7500.0,0.0
3283,660.0,7500.0,25.0
3284,660.0,7500.0,50.0
3290,660.0,8437.5,-50.0
3291,660.0,8437.5,-25.0
3292,660.0,8437.5,0.0
3293,660.0,8437.5,25.0
3294,660.0,8437.5,50.0
32100,660.0,9375.0,-50.0
32101,660.0,9375.0,-25.0
32102,660.0,9375.0,0.0
32103,660.0,9375.0,25.0
32104,660.0,9375.0,50.0
32110,660.0,10312.5,-50.0
32111,660.0,10312.5,-25.0
32112,660.0,10312.5,0.0
32113,660.0,10312.5,25.0
32114,660.0,10312.5,50.0
32120,660.0,11250.0,-50.0
32121,660.0,11250.0,-25.0
32122,660.0,11250.0,0.0
32123,660.0,11250.0,25.0
32124,660.0,11250.0,50.0
32130,660.0,12187.5,-50.0
32131,660.0,12187.5,-25.0
32132,660.0,12187.5,0.0
32133,660.0,12187.5,25.0
32134,660.0,12187.5,50.0
32140,660.0,13125.0,-50.0
32141,660.0,13125.0,-25.0
32142,660.0,13125.0,0.0
32143,660.0,13125.0,25.0
32144,660.0,13125.0,50.0
32150,660.0,14062.5,-50.0
32151,660.0,14062.5,-25.0
32152,660.0,14062.5,0.0
32153,660.0,14062.5,25.0
32154,660.0,14062.5,50.0
32160,660.0,15000.0,-50.0
32161,660.0,15000.0,-25.0
32162,660.0,15000.0,0.0
32163,660.0,15000.0,25.0
32164,660.0,15000.0,50.0
3300,680.0,0.0,-50.0
3301,680.0,0.0,-25.0
3302,680.0,0.0,0.0
3303,680.0,0.0,25.0
3304,680.0,0.0,50.0
3310,680.0,937.5,-50.0
3311,680.0,937.5,-25.0
3312,680.0,937.5,0.0
3313,680.0,937.5,25.0
3314,680.0,937.5,50.0
3320,680.0,1875.0,-50.0
3321,680.0,1875.0,-25.0
3322,680.0,1875.0,0.0
3323,680.0,1875.0,25.0
3324,680.0,1875.0,50.0
3330,680.0,2812.5,-50.0
3331,680.0,2812.5,-25.0
3332,680.0,2812.5,0.0
3333,680.0,2812.5,25.0
3334,680.0,2812.5,50.0
3340,680.0,3750.0,-50.0
3341,680.0,3750.0,-25.0
3342,680.0,3750.0,0.0
3343,680.0,3750.0,25.0
3344,680.0,3750.0,50.0
3350,680.0,4687.5,-50.0
3351,680.0,4687.5,-25.0
3352,680.0,4687.5,0.0
3353,680.0,4687.5,25.0
3354,680.0,4687.5,50.0
3360,680.0,5625.0,-50.0
3361,680.0,5625.0,-25.0
3362,680.0,5625.0,0.0
3363,680.0,5625.0,25.0
3364,680.0,5625.0,50.0
3370,680.0,6562.5,-50.0
3371,680.0,6562.5,-25.0
3372,680.0,6562.5,0.0
3373,680.0,6562.5,25.0
3374,680.0,6562.5,50.0
3380,680.0,7500.0,-50.0
3381,680.0,7500.0,-25.0
3382,680.0,7500.0,0.0
3383,680.0,7500.0,25.0
3384,680.0,7500.0,50.0
3390,680.0,8437.5,-50.0
3391,680.0,8437.5,-25.0
3392,680.0,8437.5,0.0
3393,680.0,8437.5,25.0
3394,680.0,8437.5,50.0
33100,680.0,9375.0,-50.0
33101,680.0,9375.0,-25.0
33102,680.0,9375.0,0.0
33103,680.0,9375.0,25.0
33104,680.0,9375.0,50.0
33110,680.0,10312.5,-50.0
33111,680.0,10312.5,-25.0
33112,680.0,10312.5,0.0
33113,680.0,10312.5,25.0
33114,680.0,10312.5,50.0
33120,680.0,11250.0,-50.0
33121,680.0,11250.0,-25.0
33122,680.0,11250.0,0.0
33123,680.0,11250.0,25.0
33124,680.0,11250.0,50.0
33130,680.0,12187.5,-50.0
33131,680.0,12187.5,-25.0
33132,680.0,12187.5,0.0
33133,680.0,12187.5,25.0
33134,680.0,12187.5,50.0
33140,680.0,13125.0,-50.0
33141,680.0,13125.0,-25.0
33142,680.0,13125.0,0.0
33143,680.0,13125.0,25.0
33144,680.0,13125.0,50.0
33150,680.0,14062.5,-50.0
33151,680.0,14062.5,-25.0
33152,680.0,14062.5,0.0
33153,680.0,14062.5,25.0
33154,680.0,14062.5,50.0
33160,680.0,15000.0,-50.0
33161,680.0,15000.0,-25.0
33162,680.0,15000.0,0.0
33163,680.0,15000.0,25.0
33164,680.0,15000.0,50.0
3400,700.0,0.0,-50.0
3401,700.0,0.0,-25.0
3402,700.0,0.0,0.0
3403,700.0,0.0,25.0
3404,700.0,0.0,50.0
3410,700.0,937.5,-50.0
3411,700.0,937.5,-25.0
3412,700.0,937.5,0.0
3413,700.0,937.5,25.0
3414,700.0,937.5,50.0
3420,700.0,1875.0,-50.0
3421,700.0,1875.0,-25.0
3422,700.0,1875.0,0.0
3423,700.0,1875.0,25.0
3424,700.0,1875.0,50.0
3430,700.0,2812.5,-50.0
3431,700.0,2812.5,-25.0
3432,700.0,2812.5,0.0
3433,700.0,2812.5,25.0
3434,700.0,2812.5,50.0
3440,700.0,3750.0,-50.0
3441,700.0,3750.0,-25.0
3442,700.0,3750.0,0.0
3443,700.0,3750.0,25.0
3444,700.0,3750.0,50.0
3450,700.0,4687.5,-50.0
3451,700.0,4687.5,-25.0
3452,700.0,4687.5,0.0
3453,700.0,4687.5,25.0
3454,700.0,4687.5,50.0
3460,700.0,5625.0,-50.0
3461,700.0,5625.0,-25.0
3462,700.0,5625.0,0.0
3463,700.0,5625.0,25.0
3464,700.0,5625.0,50.0
3470,700.0,6562.5,-50.0
3471,700.0,6562.5,-25.0
3472,700.0,6562.5,0.0
3473,700.0,6562.5,25.0
3474,700.0,6562.5,50.0
3480,700.0,7500.0,-50.0
3481,700.0,7500.0,-25.0
3482,700.0,7500.0,0.0
3483,700.0,7500.0,25.0
3484,700.0,7500.0,50.0
3490,700.0,8437.5,-50.0
3491,700.0,8437.5,-25.0
3492,700.0,8437.5,0.0
3493,700.0,8437.5,25.0
3494,700.0,8437.5,50.0
34100,700.0,9375.0,-50.0
34101,700.0,9375.0,-25.0
34102,700.0,9375.0,0.0
34103,700.0,9375.0,25.0
34104,700.0,9375.0,50.0
34110,700.0,10312.5,-50.0
34111,700.0,10312.5,-25.0
34112,700.0,10312.5,0.0
34113,700.0,10312.5,25.0
34114,700.0,10312.5,50.0
34120,700.0,11250.0,-50.0
34121,700.0,11250.0,-25.0
34122,700.0,11250.0,0.0
34123,700.0,11250.0,25.0
34124,700.0,11250.0,50.0
34130,700.0,12187.5,-50.0
34131,700.0,12187.5,-25.0
34132,700.0,12187.5,0.0
34133,700.0,12187.5,25.0
34134,700.0,12187.5,50.0
34140,700.0,13125.0,-50.0
34141,700.0,13125.0,-25.0
34142,700.0,13125.0,0.0
34143,700.0,13125.0,25.0
34144,700.0,13125.0,50.0
34150,700.0,14062.5,-50.0
34151,700.0,14062.5,-25.0
34152,700.0,14062.5,0.0
34153,700.0,14062.5,25.0
34154,700.0,14062.5,50.0
34160,700.0,15000.0,-50.0
34161,700.0,15000.0,-25.0
34162,700.0,15000.0,0.0
34163,700.0,15000.0,25.0
34164,700.0,15000.0,50.0
